customer_id,name,email,phone,city,province,registration_date,gender,age_group
CUST0001,Andi Rahmawati,andirahmawati229@yahoo.com,82118196001.0,Semarang,Jawa Tengah,2022-04-22,Male,25-34
CUST0002,Sari Sembiring,sarisembiring226@gmail.com,85794026542.0,Semarang,Jawa Tengah,2022-11-21,Female,18-24
CUST0003,Bella Aprilia,bellaaprilia271@gmail.com,81278161849.0,Tangerang,Banten,2024-03-28,Female,18-24
CUST0004,Shinta Hartono,shintahartono82@outlook.com,82216475255.0,Semarang,Jawa Tengah,2024-10-04,Female,25-34
CUST0005,Maulana Hidayat,maulanahidayat651@gmail.com,82183276483.0,Bekasi,Jawa Barat,2021-04-25,Male,18-24
CUST0006,Nadia Iskandar,nadiaiskandar68@outlook.com,82295376724.0,Makassar,Sulawesi Selatan,2022-05-21,Female,35-44
CUST0007,Ratna Sari,ratnasari920@gmail.com,87865328710.0,Medan,Sumatera Utara,2021-11-10,Female,25-34
CUST0008,Yoga Utami,yogautami395@gmail.com,85697848018.0,Denpasar,Bali,2024-08-05,Male,25-34
CUST0009,Rani Simbolon,ranisimbolon977@gmail.com,89648281489.0,Semarang,Jawa Tengah,2021-11-10,Female,25-34
CUST0010,Vera Hutapea,verahutapea614@gmail.com,85370154303.0,Manado,Sulawesi Utara,2021-06-11,Female,18-24
CUST0011,Putri Sembiring,putrisembiring132@yahoo.com,89578248963.0,Balikpapan,Kalimantan Timur,2024-11-13,Female,18-24
CUST0012,Shinta Ramadhan,shintaramadhan922@gmail.com,85871331509.0,Balikpapan,Kalimantan Timur,2022-04-17,Female,25-34
CUST0013,Fatimah Setiawan,fatimahsetiawan70@yahoo.com,81251834738.0,Makassar,Sulawesi Selatan,2024-03-15,Female,25-34
CUST0014,Hana Halim,hanahalim97@yahoo.com,81365667010.0,Depok,Jawa Barat,2022-11-26,Female,35-44
CUST0015,Sari Permata,saripermata460@gmail.com,Not Available,Medan,Sumatera Utara,2021-04-14,Female,35-44
CUST0016,Siti Nugroho,sitinugroho171@yahoo.com,85677360260.0,Depok,Jawa Barat,2022-06-28,Female,45+
CUST0017,Wahyu Tanjung,wahyutanjung678@gmail.com,89672343098.0,Surabaya,Jawa Timur,2022-10-05,Male,18-24
CUST0018,Dion Hutapea,dionhutapea59@yahoo.com,85812191361.0,Manado,Sulawesi Utara,2022-05-20,Male,25-34
CUST0019,Rina Halim,rinahalim579@gmail.com,85854353462.0,Malang,Jawa Timur,2023-07-26,Female,25-34
CUST0020,Joko Saputra,jokosaputra637@gmail.com,87811838425.0,Bandung,Jawa Barat,2022-05-16,Male,25-34
CUST0021,Mawar Yulianti,mawaryulianti827@gmail.com,89580841241.0,Medan,Sumatera Utara,2024-02-08,Female,18-24
CUST0022,Fitri Hasanah,fitrihasanah704@yahoo.com,89548740164.0,Surabaya,Jawa Timur,2021-01-08,Female,25-34
CUST0023,Citra Maharani,citramaharani565@gmail.com,89668011280.0,Tangerang,Banten,2024-04-07,Female,25-34
CUST0024,Sri Yulianti,sriyulianti921@outlook.com,81253315869.0,Makassar,Sulawesi Selatan,2022-04-30,Female,35-44
CUST0025,Adi Halim,adihalim184@gmail.com,89656342160.0,Pekanbaru,Riau,2022-04-01,Male,18-24
CUST0026,Nanda Yulianti,nandayulianti229@yahoo.com,81236541458.0,Depok,Jawa Barat,2024-10-23,Male,45+
CUST0027,Dewi Kurniawan,dewikurniawan183@outlook.com,87840196556.0,Pontianak,Kalimantan Barat,2023-11-14,Female,18-24
CUST0028,Yusuf Hakim,yusufhakim726@gmail.com,85608835615.0,Pontianak,Kalimantan Barat,2022-10-05,Male,35-44
CUST0029,Maya Siregar,mayasiregar683@outlook.com,85656482366.0,Yogyakarta,Di Yogyakarta,2024-06-14,Female,25-34
CUST0030,Siti Yulianti,sitiyulianti216@outlook.com,85699577738.0,Pekanbaru,Riau,2021-12-14,Female,35-44
CUST0031,Shinta Cahyani,shintacahyani96@outlook.com,82243320037.0,Pontianak,Kalimantan Barat,2021-05-30,Female,25-34
CUST0032,Irfan Permata,irfanpermata507@gmail.com,85632016328.0,Padang,Sumatera Barat,2021-04-13,Male,25-34
CUST0033,Rizky Simbolon,rizkysimbolon821@yahoo.com,85788957986.0,Balikpapan,Kalimantan Timur,2023-07-03,Male,35-44
CUST0034,Putra Sinaga,putrasinaga770@outlook.com,82248734714.0,Palembang,Sumatera Selatan,2022-07-11,Male,25-34
CUST0035,Bambang Lestari,bambanglestari237@yahoo.com,85623166587.0,Bogor,Jawa Barat,2021-05-08,Male,18-24
CUST0036,Vera Sari,verasari878@gmail.com,87867054668.0,Balikpapan,Kalimantan Timur,2024-05-20,Female,35-44
CUST0037,Tika Tanjung,tikatanjung30@gmail.com,85656272980.0,Depok,Jawa Barat,2024-04-27,Female,25-34
CUST0038,Karina Tanjung,karinatanjung888@yahoo.com,85720465375.0,Bekasi,Jawa Barat,2023-02-16,Female,25-34
CUST0039,Pandu Hakim,panduhakim482@gmail.com,81280531003.0,Semarang,Jawa Tengah,2021-02-11,Male,25-34
CUST0040,Hana Kurniawan,hanakurniawan971@gmail.com,82274529912.0,Malang,Jawa Timur,2021-08-10,Female,25-34
CUST0041,Irfan Saputri,irfansaputri965@gmail.com,89631931491.0,Manado,Sulawesi Utara,2021-03-26,Male,25-34
CUST0042,Kirana Hidayat,kiranahidayat664@gmail.com,85306716572.0,Bogor,Jawa Barat,2021-12-27,Female,35-44
CUST0043,Bayu Cahyani,bayucahyani794@gmail.com,85776945314.0,Padang,Sumatera Barat,2022-05-15,Male,35-44
CUST0044,Satrio Saputri,satriosaputri30@outlook.com,85752735454.0,Pontianak,Kalimantan Barat,2024-12-07,Male,35-44
CUST0045,Bagus Permata,baguspermata248@gmail.com,89667837770.0,Bandung,Jawa Barat,2022-08-26,Male,18-24
CUST0046,Galih Sari,galihsari485@outlook.com,85885685574.0,Malang,Jawa Timur,2022-05-30,Male,18-24
CUST0047,Arif Kurniawan,arifkurniawan974@gmail.com,89623374989.0,Malang,Jawa Timur,2021-07-25,Male,35-44
CUST0048,Kirana Wardani,kiranawardani15@outlook.com,89682400842.0,Pekanbaru,Riau,2021-07-30,Female,35-44
CUST0049,Putra Pohan,putrapohan349@gmail.com,82104711671.0,Manado,Sulawesi Utara,2024-07-13,Male,35-44
CUST0050,Risma Yulianti,rismayulianti255@gmail.com,81386999386.0,Padang,Sumatera Barat,2023-06-26,Female,25-34
CUST0051,Yoga Yulianti,yogayulianti636@gmail.com,81291334123.0,Yogyakarta,Di Yogyakarta,2024-02-05,Male,18-24
CUST0052,Selvi Utami,selviutami299@gmail.com,81234471349.0,Semarang,Jawa Tengah,2023-05-21,Female,18-24
CUST0053,Indah Rahmawati,indahrahmawati74@yahoo.com,81224994717.0,Malang,Jawa Timur,2024-12-04,Female,25-34
CUST0054,Mawar Manurung,mawarmanurung83@gmail.com,87806594013.0,Manado,Sulawesi Utara,2024-04-17,Female,45+
CUST0055,Bintang Rahmawati,bintangrahmawati42@gmail.com,82178742967.0,Bandung,Jawa Barat,2023-08-21,Male,25-34
CUST0056,Shinta Santoso,shintasantoso338@yahoo.com,85674680715.0,Denpasar,Bali,2022-10-25,Female,18-24
CUST0057,Dion Saputra,dionsaputra474@gmail.com,85603859770.0,Semarang,Jawa Tengah,2022-07-01,Male,25-34
CUST0058,Rio Manurung,riomanurung30@gmail.com,89593248086.0,Bandung,Jawa Barat,2022-04-06,Male,45+
CUST0059,Anton Kurniawan,antonkurniawan511@yahoo.com,89648467737.0,Balikpapan,Kalimantan Timur,2021-10-24,Male,25-34
CUST0060,Dion Lestari,dionlestari283@gmail.com,85658404499.0,Pekanbaru,Riau,2021-11-01,Male,25-34
CUST0061,Salsa Tarigan,salsatarigan387@gmail.com,85753396360.0,Bekasi,Jawa Barat,2023-08-27,Female,35-44
CUST0062,Rendi Anggraini,rendianggraini988@gmail.com,81228951718.0,Padang,Sumatera Barat,2021-02-01,Male,35-44
CUST0063,Karina Anggraini,karinaanggraini481@gmail.com,85259615865.0,Pekanbaru,Riau,2024-01-14,Female,18-24
CUST0064,Vania Fauzi,vaniafauzi765@yahoo.com,81361172400.0,Bekasi,Jawa Barat,2021-04-25,Female,25-34
CUST0065,Indah Suryadi,indahsuryadi422@gmail.com,87822219693.0,Pekanbaru,Riau,2024-04-09,Female,18-24
CUST0066,Citra Simbolon,citrasimbolon683@outlook.com,81274821759.0,Malang,Jawa Timur,2024-08-01,Female,45+
CUST0067,Anton Yulianti,antonyulianti394@yahoo.com,85713695944.0,Jakarta,Dki Jakarta,2024-09-10,Male,25-34
CUST0068,Nabila Setiawan,nabilasetiawan764@gmail.com,85743953394.0,Makassar,Sulawesi Selatan,2024-07-10,Female,18-24
CUST0069,Eko Yulianti,ekoyulianti35@gmail.com,87852145623.0,Makassar,Sulawesi Selatan,2024-01-10,Male,35-44
CUST0070,Aulia Rahmawati,auliarahmawati264@yahoo.com,85745171236.0,Balikpapan,Kalimantan Timur,2023-01-20,Female,18-24
CUST0071,Citra Sembiring,citrasembiring466@gmail.com,85349651370.0,Pontianak,Kalimantan Barat,2024-02-24,Female,25-34
CUST0072,Maulana Hidayat,maulanahidayat932@gmail.com,89646120047.0,Medan,Sumatera Utara,2021-07-19,Male,18-24
CUST0073,Anggun Simbolon,anggunsimbolon687@outlook.com,89686926179.0,Bogor,Jawa Barat,2022-07-27,Female,18-24
CUST0074,Selvi Sinaga,selvisinaga876@yahoo.com,85315850643.0,Medan,Sumatera Utara,2023-07-21,Female,18-24
CUST0075,Vania Utami,vaniautami52@gmail.com,85332931839.0,Semarang,Jawa Tengah,2022-04-23,Female,25-34
CUST0076,Olivia Saputra,oliviasaputra880@outlook.com,82128421020.0,Tangerang,Banten,2022-05-03,Female,25-34
CUST0077,Citra Setiawan,citrasetiawan760@yahoo.com,85681177589.0,Medan,Sumatera Utara,2023-07-15,Female,25-34
CUST0078,Eko Hutapea,ekohutapea470@outlook.com,89500766177.0,Bandung,Jawa Barat,2021-06-15,Male,25-34
CUST0079,Wulan Rahmawati,wulanrahmawati649@gmail.com,87885698478.0,Pontianak,Kalimantan Barat,2023-06-01,Female,18-24
CUST0080,Maulana Tarigan,maulanatarigan441@yahoo.com,Not Available,Bogor,Jawa Barat,2022-10-03,Male,35-44
CUST0081,Indah Pohan,indahpohan94@gmail.com,81316152809.0,Balikpapan,Kalimantan Timur,2024-02-25,Female,25-34
CUST0082,Bella Tanjung,bellatanjung992@gmail.com,85294519832.0,Pekanbaru,Riau,2022-04-05,Female,35-44
CUST0083,Melati Ramadhan,melatiramadhan781@gmail.com,85293689980.0,Pontianak,Kalimantan Barat,2024-09-09,Female,35-44
CUST0084,Mira Rahmawati,mirarahmawati944@outlook.com,85350229612.0,Jakarta,Dki Jakarta,2021-07-07,Female,35-44
CUST0085,Mega Simbolon,megasimbolon162@outlook.com,85345991022.0,Pontianak,Kalimantan Barat,2021-04-12,Female,35-44
CUST0086,Shinta Tanjung,shintatanjung622@gmail.com,85764381561.0,Malang,Jawa Timur,2024-10-20,Female,35-44
CUST0087,Shinta Yulianti,shintayulianti226@gmail.com,85690034324.0,Malang,Jawa Timur,2022-11-03,Female,18-24
CUST0088,Lia Wardani,liawardani390@yahoo.com,85838851606.0,Jakarta,Dki Jakarta,2023-07-31,Female,45+
CUST0089,Irfan Tanjung,irfantanjung415@gmail.com,89664160529.0,Padang,Sumatera Barat,2024-11-13,Male,45+
CUST0090,Lina Suryadi,linasuryadi604@gmail.com,85681645352.0,Bandung,Jawa Barat,2023-11-12,Female,25-34
CUST0091,Sari Aprilia,sariaprilia745@outlook.com,89523124329.0,Makassar,Sulawesi Selatan,2024-09-04,Female,18-24
CUST0092,Ridho Manurung,ridhomanurung773@gmail.com,87897995527.0,Bandung,Jawa Barat,2023-08-19,Male,25-34
CUST0093,Tika Sari,tikasari361@gmail.com,85814770054.0,Bandung,Jawa Barat,2024-08-13,Female,35-44
CUST0094,Dani Utami,daniutami394@gmail.com,85798079359.0,Pekanbaru,Riau,2023-10-24,Male,18-24
CUST0095,Lina Hasanah,linahasanah517@gmail.com,89520377889.0,Yogyakarta,Di Yogyakarta,2023-01-16,Female,25-34
CUST0096,Mega Hasanah,megahasanah54@gmail.com,89551518644.0,Pontianak,Kalimantan Barat,2021-11-04,Female,25-34
CUST0097,Dimas Aprilia,dimasaprilia991@outlook.com,89562914865.0,Makassar,Sulawesi Selatan,2024-10-04,Male,35-44
CUST0098,Bintang Hutapea,bintanghutapea662@gmail.com,89568505423.0,Bekasi,Jawa Barat,2023-09-23,Male,18-24
CUST0099,Dimas Hidayat,dimashidayat865@outlook.com,81388805929.0,Depok,Jawa Barat,2021-11-12,Male,18-24
CUST0100,Raka Cahyani,rakacahyani739@yahoo.com,85706537947.0,Palembang,Sumatera Selatan,2023-12-30,Male,18-24
CUST0101,Putra Permata,putrapermata695@outlook.com,87877468862.0,Semarang,Jawa Tengah,2024-05-23,Male,18-24
CUST0102,Karina Pohan,karinapohan568@outlook.com,81381412478.0,Makassar,Sulawesi Selatan,2023-06-15,Female,18-24
CUST0103,Rio Aprilia,rioaprilia425@gmail.com,81268536153.0,Jakarta,Dki Jakarta,2022-10-15,Male,45+
CUST0104,Maulana Hasanah,maulanahasanah141@yahoo.com,81247277901.0,Jakarta,Dki Jakarta,2022-06-09,Male,18-24
CUST0105,Hasna Utami,hasnautami434@gmail.com,Not Available,Padang,Sumatera Barat,2021-05-09,Female,18-24
CUST0106,Teguh Sembiring,teguhsembiring648@gmail.com,Not Available,Palembang,Sumatera Selatan,2024-03-14,Male,25-34
CUST0107,Bambang Hutapea,bambanghutapea70@outlook.com,85888880670.0,Depok,Jawa Barat,2023-02-04,Male,25-34
CUST0108,Putri Aprilia,putriaprilia751@yahoo.com,89519520585.0,Yogyakarta,Di Yogyakarta,2024-11-03,Female,25-34
CUST0109,Ridho Wardani,ridhowardani65@yahoo.com,89670430305.0,Malang,Jawa Timur,2023-11-22,Male,25-34
CUST0110,Putra Hakim,putrahakim772@gmail.com,89534505415.0,Bogor,Jawa Barat,2023-03-31,Male,35-44
CUST0111,Rendi Hasanah,rendihasanah509@yahoo.com,89675841616.0,Pontianak,Kalimantan Barat,2022-01-05,Male,25-34
CUST0112,Rina Putri,rinaputri314@outlook.com,85796275705.0,Pontianak,Kalimantan Barat,2023-06-10,Female,25-34
CUST0113,Agus Hidayat,agushidayat373@gmail.com,85820297021.0,Palembang,Sumatera Selatan,2024-08-14,Male,25-34
CUST0114,Risma Pratama,rismapratama158@gmail.com,89575571928.0,Tangerang,Banten,2023-03-27,Female,25-34
CUST0115,Nia Wijaya,niawijaya512@yahoo.com,85868144739.0,Malang,Jawa Timur,2024-11-22,Female,45+
CUST0116,Nia Lestari,nialestari463@gmail.com,82171551884.0,Malang,Jawa Timur,2021-11-19,Female,35-44
CUST0117,Ridho Wardani,ridhowardani521@outlook.com,82213237058.0,Manado,Sulawesi Utara,2023-01-26,Male,25-34
CUST0118,Fajar Cahyani,fajarcahyani68@gmail.com,85267866912.0,Bekasi,Jawa Barat,2024-08-08,Male,18-24
CUST0119,Naila Aprilia,nailaaprilia900@yahoo.com,85892268018.0,Makassar,Sulawesi Selatan,2022-09-15,Female,18-24
CUST0120,Fatimah Hartono,fatimahhartono971@outlook.com,85841438424.0,Pontianak,Kalimantan Barat,2023-12-29,Female,18-24
CUST0121,Aji Sari,ajisari176@yahoo.com,89599590010.0,Manado,Sulawesi Utara,2022-06-27,Male,35-44
CUST0122,Pandu Cahyani,panducahyani510@gmail.com,89584473647.0,Bandung,Jawa Barat,2024-11-11,Male,18-24
CUST0123,Hana Simbolon,hanasimbolon349@yahoo.com,87825556258.0,Balikpapan,Kalimantan Timur,2021-08-06,Female,25-34
CUST0124,Tika Sinaga,tikasinaga145@yahoo.com,81304696325.0,Manado,Sulawesi Utara,2022-10-03,Female,18-24
CUST0125,Aulia Simbolon,auliasimbolon901@gmail.com,85270168733.0,Manado,Sulawesi Utara,2022-12-24,Female,18-24
CUST0126,Olivia Pohan,oliviapohan550@outlook.com,81216245650.0,Depok,Jawa Barat,2021-04-15,Female,25-34
CUST0127,Melati Fauzi,melatifauzi396@gmail.com,85878499121.0,Depok,Jawa Barat,2023-02-04,Female,35-44
CUST0128,Kirana Anggraini,kiranaanggraini617@yahoo.com,85868000257.0,Banjarmasin,Kalimantan Selatan,2023-07-25,Female,18-24
CUST0129,Fajar Putri,fajarputri327@gmail.com,82169495888.0,Pekanbaru,Riau,2024-12-22,Male,25-34
CUST0130,Dewi Ramadhan,dewiramadhan690@outlook.com,Not Available,Manado,Sulawesi Utara,2022-04-12,Female,35-44
CUST0131,Reza Hutapea,rezahutapea794@gmail.com,85623091307.0,Bekasi,Jawa Barat,2023-05-08,Male,18-24
CUST0132,Pandu Siregar,pandusiregar943@gmail.com,85702838578.0,Depok,Jawa Barat,2022-10-05,Male,45+
CUST0133,Mawar Hasanah,mawarhasanah363@gmail.com,89549733484.0,Palembang,Sumatera Selatan,2022-09-02,Female,35-44
CUST0134,Rian Manurung,rianmanurung492@outlook.com,85384419866.0,Tangerang,Banten,2021-10-27,Male,25-34
CUST0135,Fatimah Nugroho,fatimahnugroho947@outlook.com,85747338484.0,Makassar,Sulawesi Selatan,2021-08-12,Female,25-34
CUST0136,Hadi Setiawan,hadisetiawan232@gmail.com,89530165712.0,Jakarta,Dki Jakarta,2024-02-02,Male,45+
CUST0137,Karina Pohan,karinapohan667@gmail.com,82245401938.0,Surabaya,Jawa Timur,2021-12-25,Female,25-34
CUST0138,Eko Iskandar,ekoiskandar191@gmail.com,89640049915.0,Malang,Jawa Timur,2023-07-20,Male,45+
CUST0139,Zahra Lestari,zahralestari480@gmail.com,85231527420.0,Bekasi,Jawa Barat,2022-08-28,Female,25-34
CUST0140,Adi Cahyani,adicahyani847@gmail.com,85685161227.0,Bekasi,Jawa Barat,2022-05-24,Male,18-24
CUST0141,Selvi Rahmawati,selvirahmawati310@outlook.com,87890453017.0,Malang,Jawa Timur,2021-11-24,Female,25-34
CUST0142,Fatimah Yulianti,fatimahyulianti655@gmail.com,85259332727.0,Pontianak,Kalimantan Barat,2023-02-05,Female,25-34
CUST0143,Hana Sembiring,hanasembiring781@yahoo.com,82291878519.0,Medan,Sumatera Utara,2021-05-07,Female,35-44
CUST0144,Yusuf Ginting,yusufginting154@gmail.com,82158713971.0,Banjarmasin,Kalimantan Selatan,2023-07-02,Male,35-44
CUST0145,Aulia Halim,auliahalim578@gmail.com,81287406403.0,Manado,Sulawesi Utara,2021-05-30,Female,18-24
CUST0146,Putri Sembiring,putrisembiring958@gmail.com,81370462265.0,Depok,Jawa Barat,2023-07-08,Female,35-44
CUST0147,Rendi Nugroho,rendinugroho137@gmail.com,89551286823.0,Jakarta,Dki Jakarta,2021-02-16,Male,45+
CUST0148,Hasna Sembiring,hasnasembiring545@gmail.com,85633752431.0,Surabaya,Jawa Timur,2024-09-14,Female,25-34
CUST0149,Andi Suryadi,andisuryadi69@yahoo.com,81390790306.0,Padang,Sumatera Barat,2022-04-25,Male,25-34
CUST0150,Raka Setiawan,rakasetiawan516@yahoo.com,85239599534.0,Makassar,Sulawesi Selatan,2024-09-14,Male,25-34
CUST0151,Tika Setiawan,tikasetiawan972@gmail.com,87826870568.0,Bekasi,Jawa Barat,2024-11-27,Female,25-34
CUST0152,Anggun Wardani,anggunwardani485@gmail.com,82234270866.0,Balikpapan,Kalimantan Timur,2023-12-22,Female,18-24
CUST0153,Fitri Hasanah,fitrihasanah945@gmail.com,85751830469.0,Pontianak,Kalimantan Barat,2021-03-22,Female,35-44
CUST0154,Sonia Sari,soniasari223@gmail.com,85735403317.0,Palembang,Sumatera Selatan,2024-11-25,Female,25-34
CUST0155,Anggi Tarigan,anggitarigan795@outlook.com,85267854458.0,Pekanbaru,Riau,2023-08-13,Female,18-24
CUST0156,Putra Putri,putraputri380@yahoo.com,85360932048.0,Manado,Sulawesi Utara,2024-04-01,Male,35-44
CUST0157,Sari Hasanah,sarihasanah389@yahoo.com,Not Available,Yogyakarta,Di Yogyakarta,2022-12-23,Female,18-24
CUST0158,Indra Wardani,indrawardani658@gmail.com,81280100623.0,Bandung,Jawa Barat,2024-12-19,Male,18-24
CUST0159,Vivi Ramadhan,viviramadhan633@gmail.com,89597700886.0,Jakarta,Dki Jakarta,2021-02-04,Female,25-34
CUST0160,Yuli Wijaya,yuliwijaya833@gmail.com,89662118233.0,Pontianak,Kalimantan Barat,2023-12-15,Female,25-34
CUST0161,Cinta Nugroho,cintanugroho983@outlook.com,85679334101.0,Depok,Jawa Barat,2023-02-16,Female,25-34
CUST0162,Vania Saputra,vaniasaputra85@yahoo.com,85765918033.0,Manado,Sulawesi Utara,2023-09-01,Female,25-34
CUST0163,Bintang Rahmawati,bintangrahmawati578@gmail.com,89502503926.0,Bandung,Jawa Barat,2022-09-05,Male,18-24
CUST0164,Anggun Sembiring,anggunsembiring394@outlook.com,89621850163.0,Bandung,Jawa Barat,2022-11-29,Female,25-34
CUST0165,Teguh Iskandar,teguhiskandar31@outlook.com,89547735866.0,Yogyakarta,Di Yogyakarta,2024-10-24,Male,25-34
CUST0166,Vera Cahyani,veracahyani818@outlook.com,82211426265.0,Tangerang,Banten,2021-08-07,Female,18-24
CUST0167,Rio Ramadhan,rioramadhan105@outlook.com,82112678886.0,Medan,Sumatera Utara,2021-02-23,Male,18-24
CUST0168,Teguh Utami,teguhutami885@outlook.com,85604661839.0,Banjarmasin,Kalimantan Selatan,2021-12-14,Male,35-44
CUST0169,Tika Yulianti,tikayulianti505@outlook.com,82112646471.0,Tangerang,Banten,2022-05-31,Female,45+
CUST0170,Indra Utami,indrautami201@gmail.com,85712406596.0,Bekasi,Jawa Barat,2023-06-21,Male,25-34
CUST0171,Maulana Utami,maulanautami308@yahoo.com,85393752654.0,Pekanbaru,Riau,2024-03-25,Male,35-44
CUST0172,Tika Iskandar,tikaiskandar117@outlook.com,87839828073.0,Padang,Sumatera Barat,2022-08-20,Female,35-44
CUST0173,Mega Manurung,megamanurung649@yahoo.com,85234266179.0,Pekanbaru,Riau,2024-04-07,Female,25-34
CUST0174,Alya Halim,alyahalim38@gmail.com,85389113529.0,Surabaya,Jawa Timur,2024-02-28,Female,45+
CUST0175,Aditya Hasanah,adityahasanah109@gmail.com,81214388899.0,Palembang,Sumatera Selatan,2023-07-02,Male,25-34
CUST0176,Nabila Sari,nabilasari155@gmail.com,85307146112.0,Tangerang,Banten,2022-10-01,Female,25-34
CUST0177,Bagus Pohan,baguspohan488@outlook.com,81377514010.0,Bekasi,Jawa Barat,2024-08-20,Male,18-24
CUST0178,Kevin Suryadi,kevinsuryadi179@gmail.com,85825867362.0,Yogyakarta,Di Yogyakarta,2024-08-04,Male,35-44
CUST0179,Ratna Cahyani,ratnacahyani461@yahoo.com,87866033419.0,Medan,Sumatera Utara,2024-01-05,Female,18-24
CUST0180,Vivi Kurniawan,vivikurniawan687@outlook.com,85785969691.0,Tangerang,Banten,2022-12-22,Female,35-44
CUST0181,Bintang Yulianti,bintangyulianti605@gmail.com,81325134125.0,Makassar,Sulawesi Selatan,2023-11-13,Male,25-34
CUST0182,Irfan Saputri,irfansaputri191@gmail.com,85782827422.0,Bekasi,Jawa Barat,2023-07-13,Male,25-34
CUST0183,Budi Manurung,budimanurung200@yahoo.com,Not Available,Yogyakarta,Di Yogyakarta,2021-06-19,Male,25-34
CUST0184,Doni Fauzi,donifauzi282@gmail.com,82284279788.0,Medan,Sumatera Utara,2024-03-18,Male,18-24
CUST0185,Faisal Sembiring,faisalsembiring779@gmail.com,89678361340.0,Padang,Sumatera Barat,2022-06-23,Male,25-34
CUST0186,Rio Kurniawan,riokurniawan215@yahoo.com,89695962923.0,Semarang,Jawa Tengah,2021-05-02,Male,25-34
CUST0187,Olivia Sembiring,oliviasembiring332@yahoo.com,89644948126.0,Surabaya,Jawa Timur,2022-07-22,Female,35-44
CUST0188,Wulan Suryadi,wulansuryadi729@yahoo.com,85336729466.0,Padang,Sumatera Barat,2021-06-04,Female,25-34
CUST0189,Bambang Iskandar,bambangiskandar768@gmail.com,85257759017.0,Tangerang,Banten,2021-05-10,Male,35-44
CUST0190,Lia Susanti,liasusanti275@gmail.com,85345892975.0,Surabaya,Jawa Timur,2021-04-05,Female,18-24
CUST0191,Anton Wijaya,antonwijaya952@gmail.com,82177063242.0,Denpasar,Bali,2021-07-11,Male,35-44
CUST0192,Kirana Maharani,kiranamaharani406@gmail.com,89543611037.0,Bandung,Jawa Barat,2021-09-29,Female,25-34
CUST0193,Selvi Saputra,selvisaputra713@gmail.com,85316271361.0,Medan,Sumatera Utara,2021-07-31,Female,25-34
CUST0194,Fajar Saputri,fajarsaputri657@yahoo.com,89521890927.0,Tangerang,Banten,2022-03-13,Male,25-34
CUST0195,Mega Cahyani,megacahyani881@gmail.com,82211219656.0,Bekasi,Jawa Barat,2021-10-14,Female,18-24
CUST0196,Hadi Tarigan,haditarigan615@gmail.com,89694043898.0,Semarang,Jawa Tengah,2023-03-14,Male,25-34
CUST0197,Anggi Manurung,anggimanurung116@gmail.com,82279180552.0,Depok,Jawa Barat,2024-03-10,Female,25-34
CUST0198,Mira Pohan,mirapohan18@gmail.com,Not Available,Malang,Jawa Timur,2024-07-11,Female,35-44
CUST0199,Yoga Iskandar,yogaiskandar656@gmail.com,85889241418.0,Semarang,Jawa Tengah,2021-11-15,Male,25-34
CUST0200,Vania Hidayat,vaniahidayat716@outlook.com,85630316179.0,Pontianak,Kalimantan Barat,2021-04-23,Female,25-34
CUST0201,Kevin Wardani,kevinwardani13@gmail.com,89620275884.0,Yogyakarta,Di Yogyakarta,2023-02-01,Male,18-24
CUST0202,Bayu Kurniawan,bayukurniawan344@gmail.com,85648149177.0,Banjarmasin,Kalimantan Selatan,2023-01-08,Male,18-24
CUST0203,Reza Ramadhan,rezaramadhan262@yahoo.com,81391380003.0,Surabaya,Jawa Timur,2023-08-25,Male,25-34
CUST0204,Adi Pratama,adipratama823@gmail.com,89663536541.0,Manado,Sulawesi Utara,2023-02-03,Male,18-24
CUST0205,Agus Wardani,aguswardani824@yahoo.com,85806174451.0,Balikpapan,Kalimantan Timur,2023-07-25,Male,18-24
CUST0206,Risma Yulianti,rismayulianti249@gmail.com,85759738320.0,Bogor,Jawa Barat,2021-02-18,Female,18-24
CUST0207,Alya Saputra,alyasaputra2@outlook.com,89564138367.0,Surabaya,Jawa Timur,2021-10-19,Female,35-44
CUST0208,Diah Hutapea,diahhutapea718@gmail.com,Not Available,Manado,Sulawesi Utara,2024-03-08,Female,18-24
CUST0209,Fajar Suryadi,fajarsuryadi268@outlook.com,85365574313.0,Makassar,Sulawesi Selatan,2024-04-12,Male,18-24
CUST0210,Selvi Simbolon,selvisimbolon417@outlook.com,81385374741.0,Bandung,Jawa Barat,2021-11-19,Female,35-44
CUST0211,Fatimah Utami,fatimahutami221@gmail.com,85321356804.0,Denpasar,Bali,2021-12-23,Female,18-24
CUST0212,Selvi Tarigan,selvitarigan256@gmail.com,81371210032.0,Semarang,Jawa Tengah,2023-04-01,Female,25-34
CUST0213,Maulana Nugroho,maulananugroho601@gmail.com,85210137215.0,Medan,Sumatera Utara,2021-03-29,Male,45+
CUST0214,Risma Tanjung,rismatanjung509@gmail.com,81266253244.0,Padang,Sumatera Barat,2021-11-01,Female,18-24
CUST0215,Hadi Fauzi,hadifauzi422@gmail.com,85870146263.0,Banjarmasin,Kalimantan Selatan,2022-05-26,Male,25-34
CUST0216,Andi Saputri,andisaputri492@outlook.com,85875985642.0,Jakarta,Dki Jakarta,2022-10-16,Male,25-34
CUST0217,Vera Rahmawati,verarahmawati829@gmail.com,85785932133.0,Denpasar,Bali,2023-12-29,Female,35-44
CUST0218,Agus Hartono,agushartono867@gmail.com,85652239559.0,Jakarta,Dki Jakarta,2024-12-11,Male,35-44
CUST0219,Irfan Anggraini,irfananggraini972@gmail.com,82278427010.0,Palembang,Sumatera Selatan,2024-05-17,Male,18-24
CUST0220,Siti Hasanah,sitihasanah207@gmail.com,82152500292.0,Medan,Sumatera Utara,2023-12-14,Female,35-44
CUST0221,Faisal Iskandar,faisaliskandar104@gmail.com,85345226752.0,Balikpapan,Kalimantan Timur,2024-11-21,Male,35-44
CUST0222,Nanda Hartono,nandahartono835@gmail.com,Not Available,Manado,Sulawesi Utara,2021-03-08,Male,18-24
CUST0223,Gita Hartono,gitahartono107@gmail.com,85725135521.0,Bekasi,Jawa Barat,2023-07-04,Female,18-24
CUST0224,Alya Hidayat,alyahidayat263@outlook.com,81300676267.0,Depok,Jawa Barat,2022-12-21,Female,25-34
CUST0225,Hana Ginting,hanaginting167@yahoo.com,85710405411.0,Bekasi,Jawa Barat,2021-12-15,Female,35-44
CUST0226,Putri Tarigan,putritarigan347@gmail.com,87897062962.0,Surabaya,Jawa Timur,2021-07-27,Female,25-34
CUST0227,Pandu Tarigan,pandutarigan272@gmail.com,89544310698.0,Pekanbaru,Riau,2021-11-11,Male,18-24
CUST0228,Rina Fauzi,rinafauzi492@gmail.com,82210324171.0,Malang,Jawa Timur,2023-03-26,Female,25-34
CUST0229,Toni Nugroho,toninugroho397@gmail.com,82156527047.0,Padang,Sumatera Barat,2022-06-24,Male,18-24
CUST0230,Ayu Anggraini,ayuanggraini88@gmail.com,89558693806.0,Banjarmasin,Kalimantan Selatan,2023-05-08,Female,45+
CUST0231,Putra Ginting,putraginting488@yahoo.com,85216089899.0,Makassar,Sulawesi Selatan,2021-09-04,Male,45+
CUST0232,Rani Susanti,ranisusanti130@yahoo.com,Not Available,Bandung,Jawa Barat,2021-06-28,Female,25-34
CUST0233,Nadia Rahmawati,nadiarahmawati470@gmail.com,81299861622.0,Manado,Sulawesi Utara,2024-04-19,Female,25-34
CUST0234,Hendra Santoso,hendrasantoso799@gmail.com,81348564679.0,Pontianak,Kalimantan Barat,2023-08-27,Male,18-24
CUST0235,Indah Cahyani,indahcahyani698@gmail.com,89660653074.0,Tangerang,Banten,2021-02-11,Female,25-34
CUST0236,Galih Rahmawati,galihrahmawati879@gmail.com,89613247546.0,Pontianak,Kalimantan Barat,2024-08-15,Male,18-24
CUST0237,Mega Manurung,megamanurung889@gmail.com,85308214862.0,Banjarmasin,Kalimantan Selatan,2024-03-10,Female,18-24
CUST0238,Sari Setiawan,sarisetiawan34@yahoo.com,85705345786.0,Medan,Sumatera Utara,2024-10-27,Female,18-24
CUST0239,Olivia Sinaga,oliviasinaga984@yahoo.com,85798552414.0,Jakarta,Dki Jakarta,2023-03-03,Female,18-24
CUST0240,Raka Susanti,rakasusanti663@yahoo.com,82234680072.0,Yogyakarta,Di Yogyakarta,2024-05-16,Male,35-44
CUST0241,Olivia Yulianti,oliviayulianti434@outlook.com,85657437489.0,Depok,Jawa Barat,2024-04-12,Female,18-24
CUST0242,Shinta Ramadhan,shintaramadhan663@gmail.com,87894417154.0,Bekasi,Jawa Barat,2022-07-22,Female,25-34
CUST0243,Maulana Yulianti,maulanayulianti154@yahoo.com,85830965207.0,Malang,Jawa Timur,2022-06-16,Male,45+
CUST0244,Ratna Pratama,ratnapratama726@gmail.com,87835387584.0,Yogyakarta,Di Yogyakarta,2024-09-08,Female,35-44
CUST0245,Lina Pohan,linapohan759@yahoo.com,85282513534.0,Bogor,Jawa Barat,2022-11-10,Female,25-34
CUST0246,Anton Kurniawan,antonkurniawan55@gmail.com,89599917381.0,Depok,Jawa Barat,2023-12-22,Male,25-34
CUST0247,Indah Lestari,indahlestari351@yahoo.com,85697252175.0,Yogyakarta,Di Yogyakarta,2022-10-04,Female,25-34
CUST0248,Tika Susanti,tikasusanti591@yahoo.com,82171296666.0,Pekanbaru,Riau,2023-02-25,Female,18-24
CUST0249,Hasna Ramadhan,hasnaramadhan914@gmail.com,85383003354.0,Makassar,Sulawesi Selatan,2021-07-30,Female,25-34
CUST0250,Reza Hidayat,rezahidayat306@gmail.com,85278985625.0,Pekanbaru,Riau,2023-01-06,Male,35-44
CUST0251,Cinta Wijaya,cintawijaya230@yahoo.com,89623098215.0,Surabaya,Jawa Timur,2023-02-08,Female,35-44
CUST0252,Mawar Cahyani,mawarcahyani609@gmail.com,81210016761.0,Balikpapan,Kalimantan Timur,2022-06-02,Female,25-34
CUST0253,Alya Saputra,alyasaputra431@outlook.com,89518499261.0,Banjarmasin,Kalimantan Selatan,2024-06-19,Female,18-24
CUST0254,Lina Manurung,linamanurung624@yahoo.com,82248356420.0,Balikpapan,Kalimantan Timur,2023-10-14,Female,45+
CUST0255,Putra Hasanah,putrahasanah3@yahoo.com,81211972181.0,Medan,Sumatera Utara,2022-06-09,Male,25-34
CUST0256,Yuli Hakim,yulihakim52@gmail.com,81320455611.0,Surabaya,Jawa Timur,2021-01-20,Female,35-44
CUST0257,Reza Hasanah,rezahasanah916@outlook.com,85794155216.0,Depok,Jawa Barat,2023-07-24,Male,25-34
CUST0258,Hana Halim,hanahalim116@yahoo.com,82102169797.0,Yogyakarta,Di Yogyakarta,2024-06-05,Female,25-34
CUST0259,Dewi Lestari,dewilestari943@gmail.com,85716701450.0,Banjarmasin,Kalimantan Selatan,2024-03-26,Female,35-44
CUST0260,Shinta Hasanah,shintahasanah536@gmail.com,89691637562.0,Balikpapan,Kalimantan Timur,2024-06-09,Female,18-24
CUST0261,Reza Siregar,rezasiregar873@gmail.com,Not Available,Banjarmasin,Kalimantan Selatan,2022-04-02,Male,25-34
CUST0262,Anggi Nugroho,angginugroho455@gmail.com,87871775170.0,Medan,Sumatera Utara,2023-04-07,Female,25-34
CUST0263,Budi Nugroho,budinugroho987@gmail.com,87848837550.0,Palembang,Sumatera Selatan,2023-07-20,Male,25-34
CUST0264,Teguh Pohan,teguhpohan734@outlook.com,85711305548.0,Banjarmasin,Kalimantan Selatan,2023-02-05,Male,35-44
CUST0265,Rani Manurung,ranimanurung842@yahoo.com,89661493316.0,Semarang,Jawa Tengah,2023-07-26,Female,35-44
CUST0266,Salsa Santoso,salsasantoso48@gmail.com,89591779827.0,Jakarta,Dki Jakarta,2023-12-23,Female,35-44
CUST0267,Yoga Sari,yogasari947@gmail.com,85829221699.0,Bekasi,Jawa Barat,2023-10-30,Male,35-44
CUST0268,Olivia Suryadi,oliviasuryadi408@outlook.com,85347226984.0,Balikpapan,Kalimantan Timur,2022-10-05,Female,35-44
CUST0269,Ridho Susanti,ridhosusanti215@yahoo.com,87845228851.0,Tangerang,Banten,2024-02-26,Male,25-34
CUST0270,Satrio Halim,satriohalim293@gmail.com,Not Available,Semarang,Jawa Tengah,2022-07-01,Male,35-44
CUST0271,Yuli Hakim,yulihakim860@yahoo.com,81243805719.0,Balikpapan,Kalimantan Timur,2022-04-05,Female,35-44
CUST0272,Hadi Siregar,hadisiregar710@outlook.com,89506665800.0,Denpasar,Bali,2022-02-20,Male,25-34
CUST0273,Rio Hartono,riohartono774@outlook.com,87889334721.0,Yogyakarta,Di Yogyakarta,2021-12-22,Male,35-44
CUST0274,Sri Tanjung,sritanjung570@outlook.com,85222940572.0,Surabaya,Jawa Timur,2021-11-11,Female,45+
CUST0275,Raka Cahyani,rakacahyani503@outlook.com,87885158328.0,Bandung,Jawa Barat,2023-11-01,Male,18-24
CUST0276,Cinta Nugroho,cintanugroho227@outlook.com,82255543987.0,Balikpapan,Kalimantan Timur,2024-08-22,Female,18-24
CUST0277,Rio Suryadi,riosuryadi941@gmail.com,87830561648.0,Malang,Jawa Timur,2021-02-20,Male,45+
CUST0278,Faisal Siregar,faisalsiregar457@gmail.com,85704358112.0,Balikpapan,Kalimantan Timur,2023-12-29,Male,18-24
CUST0279,Shinta Susanti,shintasusanti856@gmail.com,81338612075.0,Surabaya,Jawa Timur,2021-06-29,Female,18-24
CUST0280,Citra Tarigan,citratarigan589@gmail.com,82246676650.0,Depok,Jawa Barat,2024-10-10,Female,18-24
CUST0281,Hasna Cahyani,hasnacahyani775@gmail.com,89690158144.0,Pontianak,Kalimantan Barat,2021-06-27,Female,25-34
CUST0282,Rendi Iskandar,rendiiskandar486@gmail.com,Not Available,Tangerang,Banten,2021-01-23,Male,25-34
CUST0283,Rizky Pratama,rizkypratama587@gmail.com,87868814353.0,Bogor,Jawa Barat,2024-08-15,Male,35-44
CUST0284,Mira Hartono,mirahartono855@gmail.com,85231290878.0,Bandung,Jawa Barat,2022-08-19,Female,35-44
CUST0285,Sari Sari,sarisari975@gmail.com,85352314913.0,Bekasi,Jawa Barat,2023-09-23,Female,25-34
CUST0286,Galih Sari,galihsari580@yahoo.com,87855620533.0,Bogor,Jawa Barat,2022-07-21,Male,35-44
CUST0287,Hasna Hasanah,hasnahasanah474@gmail.com,Not Available,Denpasar,Bali,2021-10-14,Female,35-44
CUST0288,Hasna Hidayat,hasnahidayat914@gmail.com,81280996930.0,Balikpapan,Kalimantan Timur,2022-06-18,Female,25-34
CUST0289,Putra Anggraini,putraanggraini402@outlook.com,82294278816.0,Tangerang,Banten,2023-10-26,Male,18-24
CUST0290,Gita Maharani,gitamaharani144@gmail.com,85722992750.0,Palembang,Sumatera Selatan,2023-09-26,Female,18-24
CUST0291,Diah Pratama,diahpratama531@yahoo.com,85367700518.0,Denpasar,Bali,2022-06-24,Female,25-34
CUST0292,Rendi Saputri,rendisaputri602@outlook.com,Not Available,Tangerang,Banten,2023-09-25,Male,35-44
CUST0293,Budi Siregar,budisiregar451@yahoo.com,82131843222.0,Tangerang,Banten,2024-05-17,Male,35-44
CUST0294,Diah Halim,diahhalim738@outlook.com,81377739260.0,Palembang,Sumatera Selatan,2021-03-30,Female,18-24
CUST0295,Fajar Siregar,fajarsiregar913@gmail.com,87820242869.0,Manado,Sulawesi Utara,2024-07-29,Male,18-24
CUST0296,Satrio Fauzi,satriofauzi222@gmail.com,85797723692.0,Manado,Sulawesi Utara,2022-01-08,Male,25-34
CUST0297,Rani Hasanah,ranihasanah611@gmail.com,87813662103.0,Banjarmasin,Kalimantan Selatan,2023-10-30,Female,35-44
CUST0298,Teguh Santoso,teguhsantoso488@yahoo.com,87890881172.0,Pontianak,Kalimantan Barat,2024-01-10,Male,35-44
CUST0299,Raka Tanjung,rakatanjung431@gmail.com,85308637659.0,Manado,Sulawesi Utara,2021-07-20,Male,25-34
CUST0300,Vera Hartono,verahartono291@gmail.com,87886430098.0,Medan,Sumatera Utara,2023-12-01,Female,18-24
CUST0301,Rian Putri,rianputri371@gmail.com,81326944869.0,Tangerang,Banten,2024-06-07,Male,25-34
CUST0302,Daffa Susanti,daffasusanti566@gmail.com,85872588744.0,Manado,Sulawesi Utara,2022-12-07,Male,35-44
CUST0303,Wulan Kurniawan,wulankurniawan458@yahoo.com,89621386589.0,Surabaya,Jawa Timur,2021-11-26,Female,25-34
CUST0304,Bambang Anggraini,bambanganggraini949@gmail.com,87861143519.0,Surabaya,Jawa Timur,2023-02-27,Male,45+
CUST0305,Karina Hutapea,karinahutapea729@outlook.com,87802770384.0,Semarang,Jawa Tengah,2021-03-10,Female,35-44
CUST0306,Alya Hartono,alyahartono174@gmail.com,89505302146.0,Tangerang,Banten,2024-10-03,Female,25-34
CUST0307,Bagus Saputra,bagussaputra942@gmail.com,81384895543.0,Pontianak,Kalimantan Barat,2022-02-03,Male,25-34
CUST0308,Siti Hakim,sitihakim417@yahoo.com,85818184518.0,Denpasar,Bali,2024-01-07,Female,35-44
CUST0309,Rian Sinaga,riansinaga577@gmail.com,85735779071.0,Denpasar,Bali,2021-05-19,Male,25-34
CUST0310,Doni Hartono,donihartono423@outlook.com,85388043416.0,Bekasi,Jawa Barat,2021-06-05,Male,25-34
CUST0311,Nadia Aprilia,nadiaaprilia916@yahoo.com,87842373334.0,Semarang,Jawa Tengah,2022-04-15,Female,18-24
CUST0312,Gita Aprilia,gitaaprilia798@yahoo.com,81311790807.0,Tangerang,Banten,2024-06-25,Female,25-34
CUST0313,Irfan Rahmawati,irfanrahmawati188@gmail.com,85846392086.0,Pekanbaru,Riau,2024-01-13,Male,18-24
CUST0314,Nabila Wardani,nabilawardani124@gmail.com,Not Available,Medan,Sumatera Utara,2022-10-29,Female,25-34
CUST0315,Adi Tarigan,aditarigan243@outlook.com,85279552763.0,Bogor,Jawa Barat,2024-12-06,Male,35-44
CUST0316,Cinta Rahmawati,cintarahmawati185@gmail.com,87829314386.0,Depok,Jawa Barat,2022-02-06,Female,18-24
CUST0317,Dimas Pohan,dimaspohan181@gmail.com,85672885744.0,Balikpapan,Kalimantan Timur,2024-03-08,Male,18-24
CUST0318,Rani Setiawan,ranisetiawan834@yahoo.com,85271754558.0,Balikpapan,Kalimantan Timur,2022-06-12,Female,25-34
CUST0319,Bella Utami,bellautami591@yahoo.com,87882455877.0,Bandung,Jawa Barat,2023-02-20,Female,25-34
CUST0320,Indah Maharani,indahmaharani432@outlook.com,89599611253.0,Bekasi,Jawa Barat,2022-10-11,Female,35-44
CUST0321,Teguh Iskandar,baguspermata248@gmail.com,85759876220.0,Makassar,Sulawesi Selatan,2022-04-26,Male,35-44
CUST0322,Rian Nugroho,riannugroho171@yahoo.com,85611178006.0,Banjarmasin,Kalimantan Selatan,2021-06-20,Male,18-24
CUST0323,Bambang Saputri,bambangsaputri235@outlook.com,82247228200.0,Tangerang,Banten,2022-10-29,Male,35-44
CUST0324,Mawar Rahmawati,mawarrahmawati456@gmail.com,82182997968.0,Balikpapan,Kalimantan Timur,2022-09-27,Female,45+
CUST0325,Diah Nugroho,diahnugroho316@gmail.com,85364240082.0,Tangerang,Banten,2022-08-11,Female,25-34
CUST0326,Zahra Pohan,zahrapohan10@outlook.com,85649308536.0,Balikpapan,Kalimantan Timur,2023-06-15,Female,25-34
CUST0327,Ratna Saputri,ratnasaputri226@gmail.com,85216389448.0,Denpasar,Bali,2023-04-26,Female,18-24
CUST0328,Wulan Fauzi,wulanfauzi653@gmail.com,85797497350.0,Makassar,Sulawesi Selatan,2021-04-12,Female,45+
CUST0329,Lina Fauzi,linafauzi129@outlook.com,89670312073.0,Bekasi,Jawa Barat,2023-05-11,Female,25-34
CUST0330,Faisal Simbolon,faisalsimbolon339@gmail.com,81320461872.0,Semarang,Jawa Tengah,2022-05-28,Male,35-44
CUST0331,Rizky Suryadi,rizkysuryadi790@gmail.com,85730371837.0,Depok,Jawa Barat,2024-10-27,Male,45+
CUST0332,Reza Pratama,rezapratama534@gmail.com,81347435031.0,Palembang,Sumatera Selatan,2024-07-20,Male,25-34
CUST0333,Tika Sari,tikasari406@gmail.com,82200979251.0,Palembang,Sumatera Selatan,2021-11-19,Female,25-34
CUST0334,Surya Setiawan,suryasetiawan365@gmail.com,89528127358.0,Tangerang,Banten,2023-06-18,Male,35-44
CUST0335,Anggun Aprilia,anggunaprilia257@yahoo.com,81277848739.0,Yogyakarta,Di Yogyakarta,2024-01-19,Female,25-34
CUST0336,Bayu Utami,bayuutami165@gmail.com,81382744857.0,Jakarta,Dki Jakarta,2024-07-30,Male,25-34
CUST0337,Andi Cahyani,andicahyani795@outlook.com,87835186387.0,Balikpapan,Kalimantan Timur,2021-11-12,Male,25-34
CUST0338,Karina Putri,karinaputri99@gmail.com,85810220317.0,Semarang,Jawa Tengah,2021-07-22,Female,18-24
CUST0339,Rendi Manurung,rendimanurung639@gmail.com,89694053910.0,Semarang,Jawa Tengah,2024-09-04,Male,25-34
CUST0340,Bambang Simbolon,bambangsimbolon370@gmail.com,85865094801.0,Malang,Jawa Timur,2021-06-09,Male,45+
CUST0341,Hendra Santoso,hendrasantoso545@yahoo.com,85633839288.0,Bogor,Jawa Barat,2021-08-05,Male,35-44
CUST0342,Bintang Simbolon,bintangsimbolon905@gmail.com,81322868528.0,Pontianak,Kalimantan Barat,2023-06-27,Male,45+
CUST0343,Hasan Putri,hasanputri423@outlook.com,89565939836.0,Balikpapan,Kalimantan Timur,2022-06-05,Male,25-34
CUST0344,Cinta Saputra,cintasaputra292@gmail.com,87808240433.0,Bekasi,Jawa Barat,2021-02-14,Female,35-44
CUST0345,Bayu Tarigan,bayutarigan570@gmail.com,87892107522.0,Denpasar,Bali,2023-01-22,Male,35-44
CUST0346,Citra Yulianti,citrayulianti585@gmail.com,85693157279.0,Medan,Sumatera Utara,2024-05-04,Female,25-34
CUST0347,Risma Saputri,rismasaputri799@gmail.com,81255661390.0,Depok,Jawa Barat,2021-04-21,Female,25-34
CUST0348,Mawar Ginting,mawarginting335@yahoo.com,85832067998.0,Bandung,Jawa Barat,2022-03-31,Female,25-34
CUST0349,Dimas Lestari,dimaslestari85@outlook.com,85790864168.0,Bogor,Jawa Barat,2024-11-30,Male,18-24
CUST0350,Melati Permata,melatipermata405@gmail.com,89593898331.0,Denpasar,Bali,2023-05-31,Female,25-34
CUST0351,Bambang Kurniawan,bambangkurniawan434@gmail.com,85353559042.0,Tangerang,Banten,2024-06-16,Male,35-44
CUST0352,Dani Anggraini,danianggraini46@gmail.com,82235211039.0,Makassar,Sulawesi Selatan,2022-08-13,Male,18-24
CUST0353,Rizky Yulianti,rizkyyulianti483@gmail.com,81253833884.0,Balikpapan,Kalimantan Timur,2023-09-17,Male,25-34
CUST0354,Rian Wijaya,rianwijaya597@gmail.com,Not Available,Denpasar,Bali,2021-04-19,Male,25-34
CUST0355,Joko Saputri,jokosaputri679@outlook.com,89551046368.0,Medan,Sumatera Utara,2022-10-09,Male,25-34
CUST0356,Bambang Wardani,bambangwardani513@yahoo.com,85780038457.0,Depok,Jawa Barat,2021-11-18,Male,18-24
CUST0357,Nanda Yulianti,nandayulianti514@yahoo.com,85204608432.0,Bekasi,Jawa Barat,2023-03-16,Male,35-44
CUST0358,Anggun Hutapea,anggunhutapea894@gmail.com,89536392649.0,Bekasi,Jawa Barat,2023-07-09,Female,25-34
CUST0359,Wulan Sari,wulansari701@gmail.com,Not Available,Bekasi,Jawa Barat,2021-05-19,Female,25-34
CUST0360,Rizky Wardani,rizkywardani860@outlook.com,82105664742.0,Semarang,Jawa Tengah,2021-08-07,Male,18-24
CUST0361,Gita Cahyani,gitacahyani621@outlook.com,87893933051.0,Pekanbaru,Riau,2021-10-02,Female,25-34
CUST0362,Ferdi Ramadhan,ferdiramadhan873@yahoo.com,85677223306.0,Jakarta,Dki Jakarta,2022-07-07,Male,45+
CUST0363,Shinta Permata,shintapermata68@yahoo.com,82179757366.0,Surabaya,Jawa Timur,2024-05-30,Female,35-44
CUST0364,Nadia Iskandar,nadiaiskandar962@gmail.com,89699880817.0,Padang,Sumatera Barat,2021-03-28,Female,35-44
CUST0365,Mawar Iskandar,mawariskandar572@gmail.com,85680347644.0,Padang,Sumatera Barat,2021-12-07,Female,25-34
CUST0366,Agus Hutapea,agushutapea475@yahoo.com,89571812982.0,Depok,Jawa Barat,2023-04-27,Male,25-34
CUST0367,Vivi Sari,vivisari904@yahoo.com,85714521117.0,Tangerang,Banten,2021-06-24,Female,25-34
CUST0368,Aulia Cahyani,auliacahyani388@yahoo.com,85860259222.0,Yogyakarta,Di Yogyakarta,2024-12-29,Female,18-24
CUST0369,Hasna Sinaga,hasnasinaga642@outlook.com,82112309407.0,Pekanbaru,Riau,2023-10-19,Female,25-34
CUST0370,Zahra Suryadi,zahrasuryadi603@yahoo.com,89577671990.0,Palembang,Sumatera Selatan,2024-01-26,Female,25-34
CUST0371,Iqbal Setiawan,iqbalsetiawan152@yahoo.com,81250209945.0,Bandung,Jawa Barat,2021-04-11,Male,18-24
CUST0372,Reza Fauzi,rezafauzi677@gmail.com,89699827950.0,Bandung,Jawa Barat,2022-09-05,Male,25-34
CUST0373,Joko Tanjung,jokotanjung67@gmail.com,85272145868.0,Semarang,Jawa Tengah,2024-11-26,Male,18-24
CUST0374,Risma Hutapea,rismahutapea496@gmail.com,89694695489.0,Pontianak,Kalimantan Barat,2022-12-26,Female,45+
CUST0375,Indra Hutapea,indrahutapea505@gmail.com,82193430107.0,Medan,Sumatera Utara,2022-03-01,Male,35-44
CUST0376,Pandu Pratama,pandupratama359@outlook.com,85830344144.0,Banjarmasin,Kalimantan Selatan,2024-02-01,Male,25-34
CUST0377,Nabila Hasanah,nabilahasanah406@outlook.com,Not Available,Pekanbaru,Riau,2021-03-14,Female,25-34
CUST0378,Vania Simbolon,vaniasimbolon918@gmail.com,85376084958.0,Balikpapan,Kalimantan Timur,2021-02-08,Female,18-24
CUST0379,Nanda Hidayat,nandahidayat288@yahoo.com,81256829962.0,Pontianak,Kalimantan Barat,2021-08-28,Male,35-44
CUST0380,Ferdi Putri,ferdiputri279@gmail.com,85617357438.0,Malang,Jawa Timur,2021-12-25,Male,18-24
CUST0381,Raka Permata,rakapermata455@gmail.com,85807823578.0,Malang,Jawa Timur,2022-11-02,Male,18-24
CUST0382,Bagus Lestari,baguslestari742@yahoo.com,81276810409.0,Bandung,Jawa Barat,2022-11-14,Male,25-34
CUST0383,Naila Yulianti,nailayulianti592@gmail.com,85235334485.0,Padang,Sumatera Barat,2024-10-06,Female,18-24
CUST0384,Tika Kurniawan,tikakurniawan982@gmail.com,87888138585.0,Denpasar,Bali,2021-10-17,Female,45+
CUST0385,Irfan Suryadi,irfansuryadi73@yahoo.com,85295870207.0,Surabaya,Jawa Timur,2021-08-05,Male,25-34
CUST0386,Cinta Wardani,cintawardani913@gmail.com,87879545381.0,Padang,Sumatera Barat,2024-03-08,Female,18-24
CUST0387,Rian Simbolon,riansimbolon467@gmail.com,85277332945.0,Depok,Jawa Barat,2022-01-11,Male,35-44
CUST0388,Arif Simbolon,arifsimbolon31@gmail.com,81371577245.0,Pontianak,Kalimantan Barat,2024-03-22,Male,18-24
CUST0389,Fatimah Santoso,fatimahsantoso570@outlook.com,89514876963.0,Pontianak,Kalimantan Barat,2022-05-15,Female,25-34
CUST0390,Rendi Hidayat,rendihidayat214@outlook.com,89696695832.0,Bandung,Jawa Barat,2024-12-28,Male,25-34
CUST0391,Tania Utami,taniautami334@gmail.com,85817246191.0,Pontianak,Kalimantan Barat,2023-02-16,Female,25-34
CUST0392,Agus Nugroho,agusnugroho837@yahoo.com,82190227846.0,Pontianak,Kalimantan Barat,2024-03-29,Male,25-34
CUST0393,Nadia Yulianti,nadiayulianti814@gmail.com,89546519098.0,Depok,Jawa Barat,2021-09-19,Female,35-44
CUST0394,Melati Setiawan,melatisetiawan721@gmail.com,85851403696.0,Bekasi,Jawa Barat,2024-12-28,Female,25-34
CUST0395,Mawar Susanti,mawarsusanti487@yahoo.com,82138656242.0,Makassar,Sulawesi Selatan,2021-01-24,Female,18-24
CUST0396,Hasna Manurung,hasnamanurung999@gmail.com,82112679692.0,Padang,Sumatera Barat,2023-11-10,Female,25-34
CUST0397,Rendi Aprilia,rendiaprilia191@yahoo.com,85690973846.0,Balikpapan,Kalimantan Timur,2024-03-26,Male,25-34
CUST0398,Irfan Pohan,irfanpohan116@outlook.com,87871284781.0,Banjarmasin,Kalimantan Selatan,2024-06-03,Male,18-24
CUST0399,Ratna Hidayat,ratnahidayat818@gmail.com,87849058077.0,Banjarmasin,Kalimantan Selatan,2023-08-19,Female,25-34
CUST0400,Bella Fauzi,bellafauzi172@outlook.com,81294940792.0,Manado,Sulawesi Utara,2021-04-16,Female,35-44
CUST0401,Ratna Cahyani,ratnacahyani294@gmail.com,85712814429.0,Denpasar,Bali,2022-07-18,Female,35-44
CUST0402,Nia Utami,niautami932@yahoo.com,87827524372.0,Banjarmasin,Kalimantan Selatan,2021-03-09,Female,25-34
CUST0403,Indah Utami,indahutami858@yahoo.com,85766372395.0,Surabaya,Jawa Timur,2024-08-08,Female,25-34
CUST0404,Agus Maharani,agusmaharani409@gmail.com,85747836674.0,Makassar,Sulawesi Selatan,2023-12-23,Male,35-44
CUST0405,Selvi Saputri,selvisaputri985@outlook.com,85801856945.0,Denpasar,Bali,2022-07-01,Female,35-44
CUST0406,Tania Iskandar,taniaiskandar792@gmail.com,89539385258.0,Jakarta,Dki Jakarta,2024-10-09,Female,18-24
CUST0407,Mega Santoso,megasantoso107@gmail.com,89575344300.0,Pontianak,Kalimantan Barat,2021-07-08,Female,18-24
CUST0408,Iqbal Utami,iqbalutami726@gmail.com,81319269212.0,Denpasar,Bali,2022-08-27,Male,25-34
CUST0409,Ridho Simbolon,ridhosimbolon788@outlook.com,85654214066.0,Bekasi,Jawa Barat,2021-05-04,Male,25-34
CUST0410,Adi Sinaga,adisinaga504@gmail.com,82296271286.0,Semarang,Jawa Tengah,2024-06-11,Male,25-34
CUST0411,Ferdi Hakim,ferdihakim36@gmail.com,81319470720.0,Surabaya,Jawa Timur,2024-09-23,Male,25-34
CUST0412,Salsa Iskandar,salsaiskandar4@gmail.com,85877661830.0,Depok,Jawa Barat,2024-11-12,Female,35-44
CUST0413,Risma Sembiring,rismasembiring342@outlook.com,Not Available,Padang,Sumatera Barat,2022-08-17,Female,25-34
CUST0414,Sri Saputri,srisaputri307@yahoo.com,89661571732.0,Surabaya,Jawa Timur,2022-01-31,Female,18-24
CUST0415,Hadi Manurung,hadimanurung65@gmail.com,85847870050.0,Bekasi,Jawa Barat,2021-03-29,Male,25-34
CUST0416,Karina Hutapea,karinahutapea963@gmail.com,89582931027.0,Jakarta,Dki Jakarta,2023-08-24,Female,45+
CUST0417,Hadi Lestari,hadilestari177@gmail.com,89504179291.0,Medan,Sumatera Utara,2021-08-22,Male,25-34
CUST0418,Doni Hidayat,donihidayat437@yahoo.com,85365198253.0,Surabaya,Jawa Timur,2024-04-29,Male,18-24
CUST0419,Tika Anggraini,tikaanggraini173@gmail.com,89658273902.0,Medan,Sumatera Utara,2024-07-18,Female,25-34
CUST0420,Andi Manurung,andimanurung7@gmail.com,81221946723.0,Makassar,Sulawesi Selatan,2024-08-03,Male,25-34
CUST0421,Anggi Wardani,anggiwardani709@gmail.com,81292791456.0,Jakarta,Dki Jakarta,2024-02-17,Female,18-24
CUST0422,Naila Santoso,nailasantoso371@gmail.com,85883734031.0,Makassar,Sulawesi Selatan,2024-11-04,Female,35-44
CUST0423,Indra Wardani,indrawardani687@yahoo.com,81205436459.0,Padang,Sumatera Barat,2021-03-30,Male,18-24
CUST0424,Mawar Wardani,mawarwardani805@yahoo.com,81278113799.0,Bekasi,Jawa Barat,2023-05-09,Female,18-24
CUST0425,Arif Hartono,arifhartono334@gmail.com,82213636317.0,Manado,Sulawesi Utara,2023-09-20,Male,18-24
CUST0426,Fitri Cahyani,fitricahyani183@gmail.com,85652735435.0,Makassar,Sulawesi Selatan,2021-03-07,Female,35-44
CUST0427,Wulan Kurniawan,wulankurniawan470@gmail.com,85625349292.0,Manado,Sulawesi Utara,2024-02-07,Female,35-44
CUST0428,Naila Manurung,nailamanurung606@yahoo.com,85774063356.0,Manado,Sulawesi Utara,2022-04-01,Female,35-44
CUST0429,Dimas Ginting,dimasginting428@gmail.com,81207806867.0,Medan,Sumatera Utara,2023-07-16,Male,25-34
CUST0430,Sonia Saputra,soniasaputra973@gmail.com,82225431074.0,Yogyakarta,Di Yogyakarta,2024-12-11,Female,25-34
CUST0431,Aji Wijaya,ajiwijaya475@gmail.com,82162570165.0,Banjarmasin,Kalimantan Selatan,2021-03-08,Male,25-34
CUST0432,Rian Cahyani,riancahyani590@gmail.com,82219508501.0,Depok,Jawa Barat,2023-01-19,Male,25-34
CUST0433,Kirana Wardani,kiranawardani722@gmail.com,81383253817.0,Manado,Sulawesi Utara,2024-12-10,Female,18-24
CUST0434,Doni Putri,doniputri920@outlook.com,85286401557.0,Pekanbaru,Riau,2023-10-24,Male,25-34
CUST0435,Fatimah Sembiring,fatimahsembiring922@gmail.com,85279513711.0,Depok,Jawa Barat,2022-01-02,Female,25-34
CUST0436,Hendra Maharani,hendramaharani115@outlook.com,89627238046.0,Balikpapan,Kalimantan Timur,2021-09-28,Male,25-34
CUST0437,Ratna Wijaya,ratnawijaya194@outlook.com,Not Available,Pekanbaru,Riau,2024-04-30,Female,35-44
CUST0438,Melati Sinaga,melatisinaga312@gmail.com,87824243754.0,Surabaya,Jawa Timur,2021-10-31,Female,25-34
CUST0439,Rani Cahyani,ranicahyani729@yahoo.com,85842222310.0,Bekasi,Jawa Barat,2024-03-22,Female,18-24
CUST0440,Mira Susanti,mirasusanti725@gmail.com,81255257828.0,Malang,Jawa Timur,2021-09-06,Female,45+
CUST0441,Zahra Anggraini,zahraanggraini951@gmail.com,85320885474.0,Manado,Sulawesi Utara,2024-09-27,Female,18-24
CUST0442,Rio Hasanah,riohasanah750@gmail.com,85702814069.0,Palembang,Sumatera Selatan,2023-07-03,Male,25-34
CUST0443,Olivia Permata,oliviapermata540@gmail.com,82243018718.0,Depok,Jawa Barat,2022-02-03,Female,25-34
CUST0444,Dion Setiawan,dionsetiawan408@outlook.com,82165650455.0,Malang,Jawa Timur,2023-07-02,Male,35-44
CUST0445,Hasna Sinaga,hasnasinaga823@gmail.com,85742662991.0,Makassar,Sulawesi Selatan,2022-03-02,Female,25-34
CUST0446,Bagus Hasanah,bagushasanah956@gmail.com,87861064628.0,Padang,Sumatera Barat,2024-12-25,Male,25-34
CUST0447,Yusuf Wardani,yusufwardani297@gmail.com,85870494787.0,Palembang,Sumatera Selatan,2021-02-24,Male,35-44
CUST0448,Maya Pohan,mayapohan670@gmail.com,89546273014.0,Pekanbaru,Riau,2021-05-17,Female,25-34
CUST0449,Hana Ginting,hanaginting890@gmail.com,85271589042.0,Manado,Sulawesi Utara,2021-04-30,Female,18-24
CUST0450,Alya Lestari,alyalestari168@outlook.com,81245650448.0,Bandung,Jawa Barat,2023-11-19,Female,18-24
CUST0451,Daffa Santoso,daffasantoso771@gmail.com,82185544518.0,Manado,Sulawesi Utara,2022-12-22,Male,35-44
CUST0452,Naila Fauzi,nailafauzi798@outlook.com,85765213283.0,Semarang,Jawa Tengah,2024-02-19,Female,25-34
CUST0453,Bagus Sembiring,bagussembiring720@gmail.com,81367112075.0,Malang,Jawa Timur,2024-11-16,Male,25-34
CUST0454,Teguh Hutapea,teguhhutapea177@outlook.com,89640132234.0,Makassar,Sulawesi Selatan,2022-03-06,Male,18-24
CUST0455,Alya Kurniawan,alyakurniawan20@gmail.com,85760310890.0,Pekanbaru,Riau,2021-09-01,Female,45+
CUST0456,Maya Saputra,mayasaputra802@gmail.com,81393932501.0,Makassar,Sulawesi Selatan,2022-07-23,Female,45+
CUST0457,Rani Siregar,ranisiregar248@gmail.com,85891190833.0,Malang,Jawa Timur,2021-12-18,Female,45+
CUST0458,Hasna Santoso,hasnasantoso943@yahoo.com,85875927125.0,Depok,Jawa Barat,2023-05-19,Female,18-24
CUST0459,Nia Putri,niaputri478@gmail.com,81382754801.0,Bekasi,Jawa Barat,2023-10-09,Female,18-24
CUST0460,Olivia Yulianti,oliviayulianti232@gmail.com,85864631752.0,Jakarta,Dki Jakarta,2024-10-12,Female,25-34
CUST0461,Selvi Hutapea,selvihutapea123@gmail.com,82166912153.0,Bekasi,Jawa Barat,2022-02-15,Female,25-34
CUST0462,Rizky Hartono,rizkyhartono743@gmail.com,85749946579.0,Depok,Jawa Barat,2023-09-20,Male,25-34
CUST0463,Vivi Santoso,vivisantoso257@gmail.com,85773201017.0,Jakarta,Dki Jakarta,2022-01-02,Female,25-34
CUST0464,Dimas Yulianti,dimasyulianti639@gmail.com,81318773477.0,Banjarmasin,Kalimantan Selatan,2022-06-20,Male,25-34
CUST0465,Andre Sembiring,andresembiring976@gmail.com,81261675677.0,Surabaya,Jawa Timur,2021-03-09,Male,18-24
CUST0466,Raka Yulianti,rakayulianti504@yahoo.com,85624671978.0,Balikpapan,Kalimantan Timur,2024-03-17,Male,25-34
CUST0467,Reza Siregar,rezasiregar401@gmail.com,85279695450.0,Jakarta,Dki Jakarta,2024-04-24,Male,18-24
CUST0468,Nanda Sari,nandasari784@gmail.com,89556165565.0,Surabaya,Jawa Timur,2024-09-16,Male,18-24
CUST0469,Maya Sari,mayasari933@gmail.com,89614152085.0,Surabaya,Jawa Timur,2023-08-02,Female,35-44
CUST0470,Aulia Halim,auliahalim21@outlook.com,89679056965.0,Manado,Sulawesi Utara,2021-07-20,Female,35-44
CUST0471,Nabila Susanti,nabilasusanti509@outlook.com,85852945637.0,Bandung,Jawa Barat,2024-01-03,Female,18-24
CUST0472,Maya Ginting,mayaginting824@gmail.com,82291919541.0,Manado,Sulawesi Utara,2023-12-24,Female,25-34
CUST0473,Putri Yulianti,putriyulianti824@gmail.com,85268536649.0,Banjarmasin,Kalimantan Selatan,2023-07-18,Female,35-44
CUST0474,Dewi Hutapea,dewihutapea591@yahoo.com,85737489690.0,Banjarmasin,Kalimantan Selatan,2022-02-15,Female,25-34
CUST0475,Indah Yulianti,indahyulianti421@gmail.com,85313644249.0,Palembang,Sumatera Selatan,2023-04-12,Female,18-24
CUST0476,Dewi Suryadi,dewisuryadi476@outlook.com,85786603242.0,Jakarta,Dki Jakarta,2022-06-14,Female,35-44
CUST0477,Melati Wardani,melatiwardani987@gmail.com,89670015941.0,Bogor,Jawa Barat,2023-01-15,Female,35-44
CUST0478,Aditya Lestari,adityalestari115@yahoo.com,87881898471.0,Palembang,Sumatera Selatan,2024-05-13,Male,18-24
CUST0479,Surya Sari,suryasari826@gmail.com,89636321234.0,Padang,Sumatera Barat,2023-04-17,Male,25-34
CUST0480,Indra Sembiring,indrasembiring717@outlook.com,81358673425.0,Pekanbaru,Riau,2023-01-24,Male,35-44
CUST0481,Olivia Pratama,oliviapratama708@gmail.com,89534864518.0,Palembang,Sumatera Selatan,2023-06-26,Female,25-34
CUST0482,Aditya Hakim,adityahakim93@outlook.com,82243275604.0,Bandung,Jawa Barat,2023-10-04,Male,25-34
CUST0483,Salsa Tanjung,salsatanjung845@gmail.com,82148156985.0,Padang,Sumatera Barat,2024-11-24,Female,18-24
CUST0484,Karina Wardani,karinawardani811@gmail.com,89520634591.0,Medan,Sumatera Utara,2021-11-20,Female,18-24
CUST0485,Raka Lestari,rakalestari703@gmail.com,85657724295.0,Malang,Jawa Timur,2022-02-11,Male,18-24
CUST0486,Cinta Saputri,cintasaputri230@gmail.com,81208931734.0,Yogyakarta,Di Yogyakarta,2021-04-12,Female,25-34
CUST0487,Citra Anggraini,citraanggraini982@gmail.com,85329108677.0,Medan,Sumatera Utara,2022-04-05,Female,35-44
CUST0488,Tika Fauzi,tikafauzi392@gmail.com,82163934362.0,Bogor,Jawa Barat,2021-10-26,Female,18-24
CUST0489,Hadi Cahyani,hadicahyani930@gmail.com,82259710725.0,Depok,Jawa Barat,2024-11-07,Male,18-24
CUST0490,Lia Utami,liautami75@outlook.com,81380053759.0,Pontianak,Kalimantan Barat,2024-12-24,Female,35-44
CUST0491,Citra Siregar,citrasiregar391@gmail.com,85265280924.0,Yogyakarta,Di Yogyakarta,2023-10-29,Female,25-34
CUST0492,Vivi Lestari,vivilestari325@gmail.com,89686241502.0,Pekanbaru,Riau,2022-07-30,Female,35-44
CUST0493,Wahyu Hakim,wahyuhakim850@gmail.com,85285625728.0,Padang,Sumatera Barat,2021-04-19,Male,18-24
CUST0494,Mira Pratama,mirapratama267@gmail.com,82176170758.0,Pekanbaru,Riau,2023-07-27,Female,25-34
CUST0495,Dimas Kurniawan,dimaskurniawan96@outlook.com,82242284993.0,Manado,Sulawesi Utara,2021-01-09,Male,25-34
CUST0496,Pandu Hidayat,panduhidayat787@yahoo.com,85715041659.0,Medan,Sumatera Utara,2022-10-25,Male,18-24
CUST0497,Fatimah Pohan,fatimahpohan644@gmail.com,85290509759.0,Makassar,Sulawesi Selatan,2022-03-09,Female,35-44
CUST0498,Wahyu Putri,wahyuputri762@gmail.com,81389616423.0,Depok,Jawa Barat,2021-07-02,Male,18-24
CUST0499,Anggun Iskandar,angguniskandar663@outlook.com,89521476492.0,Tangerang,Banten,2024-09-24,Female,18-24
CUST0500,Sari Manurung,sarimanurung907@gmail.com,85674996165.0,Pontianak,Kalimantan Barat,2022-01-17,Female,25-34
CUST0501,Sri Siregar,srisiregar997@outlook.com,85732788147.0,Bogor,Jawa Barat,2021-06-12,Female,45+
CUST0502,Indah Lestari,indahlestari862@outlook.com,82286490810.0,Banjarmasin,Kalimantan Selatan,2021-08-09,Female,25-34
CUST0503,Vivi Ginting,viviginting364@outlook.com,85291801722.0,Depok,Jawa Barat,2021-04-03,Female,18-24
CUST0504,Galih Putri,galihputri742@gmail.com,85779452321.0,Pontianak,Kalimantan Barat,2022-06-16,Male,35-44
CUST0505,Mawar Wijaya,mawarwijaya405@gmail.com,81302776974.0,Pontianak,Kalimantan Barat,2024-06-17,Female,25-34
CUST0506,Rian Iskandar,rianiskandar90@outlook.com,82120310303.0,Pekanbaru,Riau,2024-08-21,Male,18-24
CUST0507,Vania Sembiring,vaniasembiring89@yahoo.com,85272760122.0,Padang,Sumatera Barat,2023-09-21,Female,25-34
CUST0508,Aji Suryadi,ajisuryadi302@yahoo.com,87860501667.0,Manado,Sulawesi Utara,2024-05-05,Male,35-44
CUST0509,Eko Manurung,ekomanurung498@gmail.com,85899730806.0,Manado,Sulawesi Utara,2022-10-09,Male,25-34
CUST0510,Karina Halim,karinahalim120@gmail.com,85795760243.0,Pekanbaru,Riau,2022-12-06,Female,25-34
CUST0511,Tania Hasanah,taniahasanah874@gmail.com,89672466572.0,Pontianak,Kalimantan Barat,2022-03-01,Female,25-34
CUST0512,Satrio Pohan,satriopohan178@yahoo.com,82229716743.0,Semarang,Jawa Tengah,2024-02-15,Male,18-24
CUST0513,Citra Aprilia,citraaprilia179@yahoo.com,85801561931.0,Balikpapan,Kalimantan Timur,2022-04-04,Female,25-34
CUST0514,Nanda Pratama,nandapratama274@gmail.com,82189107711.0,Pontianak,Kalimantan Barat,2024-06-02,Male,35-44
CUST0515,Hasan Pratama,hasanpratama108@gmail.com,82113524787.0,Medan,Sumatera Utara,2021-11-12,Male,25-34
CUST0516,Wulan Kurniawan,wulankurniawan450@yahoo.com,85603754821.0,Denpasar,Bali,2023-02-02,Female,35-44
CUST0517,Vania Suryadi,vaniasuryadi772@yahoo.com,85863266678.0,Tangerang,Banten,2021-03-02,Female,25-34
CUST0518,Ferdi Hutapea,ferdihutapea87@gmail.com,85356260602.0,Manado,Sulawesi Utara,2021-04-29,Male,45+
CUST0519,Satrio Hutapea,satriohutapea430@outlook.com,85684550489.0,Makassar,Sulawesi Selatan,2024-12-05,Male,25-34
CUST0520,Andre Cahyani,andrecahyani668@gmail.com,85756341085.0,Depok,Jawa Barat,2021-09-16,Male,25-34
CUST0521,Fitri Nugroho,fitrinugroho566@gmail.com,85285200894.0,Palembang,Sumatera Selatan,2022-09-15,Female,35-44
CUST0522,Rizky Setiawan,rizkysetiawan266@outlook.com,89585101749.0,Jakarta,Dki Jakarta,2023-07-18,Male,25-34
CUST0523,Ratna Sari,ratnasari732@gmail.com,89589354492.0,Depok,Jawa Barat,2023-12-01,Female,35-44
CUST0524,Naila Sari,nailasari843@yahoo.com,85371266110.0,Bogor,Jawa Barat,2021-09-24,Female,25-34
CUST0525,Kirana Hutapea,kiranahutapea603@gmail.com,85886497677.0,Bogor,Jawa Barat,2021-11-30,Female,18-24
CUST0526,Fatimah Simbolon,fatimahsimbolon992@yahoo.com,89688137702.0,Balikpapan,Kalimantan Timur,2023-01-27,Female,45+
CUST0527,Mega Kurniawan,megakurniawan379@gmail.com,87840821545.0,Malang,Jawa Timur,2022-08-26,Female,25-34
CUST0528,Dimas Sari,dimassari50@gmail.com,85243270185.0,Bandung,Jawa Barat,2021-04-02,Male,25-34
CUST0529,Irfan Sinaga,irfansinaga801@outlook.com,85679228777.0,Makassar,Sulawesi Selatan,2022-10-29,Male,18-24
CUST0530,Dani Halim,danihalim239@gmail.com,85658074120.0,Manado,Sulawesi Utara,2024-07-14,Male,35-44
CUST0531,Hasan Kurniawan,hasankurniawan88@gmail.com,82298909837.0,Banjarmasin,Kalimantan Selatan,2021-02-08,Male,18-24
CUST0532,Adi Wijaya,adiwijaya806@outlook.com,82239718956.0,Manado,Sulawesi Utara,2021-04-03,Male,25-34
CUST0533,Surya Tanjung,suryatanjung425@yahoo.com,81285641118.0,Yogyakarta,Di Yogyakarta,2022-08-08,Male,18-24
CUST0534,Rina Anggraini,rinaanggraini976@outlook.com,85620952004.0,Depok,Jawa Barat,2021-07-22,Female,25-34
CUST0535,Nadia Hakim,nadiahakim965@gmail.com,Not Available,Banjarmasin,Kalimantan Selatan,2023-02-28,Female,45+
CUST0536,Nadia Simbolon,nadiasimbolon417@gmail.com,81370630489.0,Medan,Sumatera Utara,2022-05-20,Female,35-44
CUST0537,Fajar Yulianti,fajaryulianti417@gmail.com,85718325823.0,Balikpapan,Kalimantan Timur,2023-05-18,Male,45+
CUST0538,Eko Saputra,ekosaputra985@gmail.com,87842007494.0,Depok,Jawa Barat,2022-12-21,Male,35-44
CUST0539,Aulia Fauzi,auliafauzi166@gmail.com,89689141612.0,Balikpapan,Kalimantan Timur,2022-07-27,Female,35-44
CUST0540,Aulia Putri,auliaputri651@outlook.com,85274355379.0,Bekasi,Jawa Barat,2021-02-02,Female,45+
CUST0541,Siti Utami,sitiutami5@gmail.com,81226876811.0,Balikpapan,Kalimantan Timur,2021-03-05,Female,35-44
CUST0542,Rio Kurniawan,riokurniawan996@outlook.com,85695620175.0,Semarang,Jawa Tengah,2023-06-30,Male,18-24
CUST0543,Daffa Rahmawati,daffarahmawati197@outlook.com,81394337504.0,Pekanbaru,Riau,2024-12-12,Male,35-44
CUST0544,Sari Iskandar,sariiskandar891@gmail.com,85298728399.0,Manado,Sulawesi Utara,2021-12-26,Female,18-24
CUST0545,Putri Lestari,putrilestari956@outlook.com,87838430894.0,Balikpapan,Kalimantan Timur,2023-07-19,Female,18-24
CUST0546,Nabila Setiawan,nabilasetiawan443@outlook.com,85641877580.0,Palembang,Sumatera Selatan,2021-04-07,Female,25-34
CUST0547,Selvi Putri,selviputri402@gmail.com,82251903613.0,Semarang,Jawa Tengah,2021-12-03,Female,25-34
CUST0548,Vania Santoso,vaniasantoso492@gmail.com,85609543173.0,Bekasi,Jawa Barat,2021-04-22,Female,35-44
CUST0549,Anggi Hidayat,anggihidayat635@gmail.com,85717911006.0,Bekasi,Jawa Barat,2024-11-21,Female,18-24
CUST0550,Selvi Setiawan,selvisetiawan626@outlook.com,89561108046.0,Depok,Jawa Barat,2021-07-16,Female,25-34
CUST0551,Olivia Cahyani,oliviacahyani465@gmail.com,85676991507.0,Banjarmasin,Kalimantan Selatan,2022-11-04,Female,25-34
CUST0552,Siti Utami,sitiutami608@gmail.com,82292845679.0,Padang,Sumatera Barat,2022-01-16,Female,18-24
CUST0553,Agus Lestari,aguslestari599@outlook.com,85685498227.0,Malang,Jawa Timur,2024-05-20,Male,25-34
CUST0554,Siti Hutapea,sitihutapea674@gmail.com,89520388065.0,Semarang,Jawa Tengah,2022-02-15,Female,25-34
CUST0555,Putri Hasanah,putrihasanah684@yahoo.com,Not Available,Bogor,Jawa Barat,2022-11-05,Female,18-24
CUST0556,Sri Manurung,srimanurung943@yahoo.com,81233793375.0,Depok,Jawa Barat,2022-02-25,Female,25-34
CUST0557,Budi Ramadhan,budiramadhan76@gmail.com,85308124739.0,Tangerang,Banten,2021-03-31,Male,45+
CUST0558,Yuli Wardani,yuliwardani907@yahoo.com,85225832302.0,Denpasar,Bali,2021-07-27,Female,18-24
CUST0559,Rendi Kurniawan,rendikurniawan959@outlook.com,82247355289.0,Bogor,Jawa Barat,2024-12-27,Male,18-24
CUST0560,Wulan Permata,wulanpermata546@yahoo.com,85655963099.0,Semarang,Jawa Tengah,2024-01-02,Female,25-34
CUST0561,Anggi Setiawan,anggisetiawan894@outlook.com,82189731791.0,Yogyakarta,Di Yogyakarta,2023-11-08,Female,25-34
CUST0562,Daffa Siregar,daffasiregar511@outlook.com,85872558777.0,Denpasar,Bali,2024-04-05,Male,25-34
CUST0563,Aji Pratama,ajipratama225@yahoo.com,82273634669.0,Yogyakarta,Di Yogyakarta,2023-02-06,Male,25-34
CUST0564,Sonia Nugroho,sonianugroho456@outlook.com,85853907895.0,Bogor,Jawa Barat,2023-07-13,Female,25-34
CUST0565,Zahra Putri,zahraputri392@outlook.com,81227341514.0,Banjarmasin,Kalimantan Selatan,2023-11-17,Female,25-34
CUST0566,Tika Hartono,tikahartono122@gmail.com,81350835354.0,Malang,Jawa Timur,2024-10-31,Female,35-44
CUST0567,Olivia Lestari,wulansuryadi729@yahoo.com,85204456690.0,Pekanbaru,Riau,2024-09-01,Female,25-34
CUST0568,Dimas Iskandar,dimasiskandar233@yahoo.com,89637389877.0,Bekasi,Jawa Barat,2021-06-25,Male,25-34
CUST0569,Vera Halim,verahalim450@yahoo.com,85780529240.0,Pekanbaru,Riau,2024-09-11,Female,35-44
CUST0570,Mega Tanjung,megatanjung782@gmail.com,89684590902.0,Makassar,Sulawesi Selatan,2022-11-08,Female,25-34
CUST0571,Teguh Ginting,teguhginting391@gmail.com,82261863715.0,Manado,Sulawesi Utara,2023-07-14,Male,25-34
CUST0572,Rani Santoso,ranisantoso182@gmail.com,81297023164.0,Semarang,Jawa Tengah,2022-04-23,Female,25-34
CUST0573,Vivi Setiawan,vivisetiawan531@outlook.com,Not Available,Bogor,Jawa Barat,2023-09-07,Female,35-44
CUST0574,Fitri Lestari,fitrilestari318@yahoo.com,85672994938.0,Padang,Sumatera Barat,2022-07-19,Female,18-24
CUST0575,Rio Hidayat,riohidayat620@gmail.com,Not Available,Bandung,Jawa Barat,2022-08-13,Male,25-34
CUST0576,Nanda Yulianti,nandayulianti628@gmail.com,82163296762.0,Manado,Sulawesi Utara,2021-07-15,Male,25-34
CUST0577,Hadi Maharani,hadimaharani904@outlook.com,89584137681.0,Tangerang,Banten,2021-06-06,Male,35-44
CUST0578,Vera Putri,veraputri462@gmail.com,Not Available,Depok,Jawa Barat,2022-12-05,Female,35-44
CUST0579,Aditya Pratama,adityapratama257@gmail.com,81325777118.0,Palembang,Sumatera Selatan,2023-06-16,Male,18-24
CUST0580,Reza Maharani,rezamaharani622@gmail.com,81324186210.0,Denpasar,Bali,2021-11-11,Male,25-34
CUST0581,Fatimah Pratama,fatimahpratama222@gmail.com,85708164709.0,Jakarta,Dki Jakarta,2021-04-10,Female,35-44
CUST0582,Hadi Ramadhan,hadiramadhan205@yahoo.com,81306005313.0,Medan,Sumatera Utara,2024-09-22,Male,18-24
CUST0583,Mega Siregar,megasiregar836@gmail.com,85358393866.0,Medan,Sumatera Utara,2022-04-21,Female,18-24
CUST0584,Mira Saputra,mirasaputra670@gmail.com,85306373149.0,Tangerang,Banten,2021-03-31,Female,18-24
CUST0585,Maya Utami,mayautami105@gmail.com,89689241956.0,Makassar,Sulawesi Selatan,2022-11-12,Female,18-24
CUST0586,Rian Putri,rianputri70@gmail.com,85309976838.0,Manado,Sulawesi Utara,2024-12-14,Male,45+
CUST0587,Gita Kurniawan,gitakurniawan243@outlook.com,89663910257.0,Malang,Jawa Timur,2022-02-18,Female,18-24
CUST0588,Sri Suryadi,srisuryadi969@gmail.com,85752450864.0,Jakarta,Dki Jakarta,2022-04-15,Female,35-44
CUST0589,Anggi Susanti,anggisusanti56@gmail.com,89533968527.0,Jakarta,Dki Jakarta,2021-05-13,Female,35-44
CUST0590,Sari Setiawan,sarisetiawan961@yahoo.com,82221298338.0,Bandung,Jawa Barat,2023-05-23,Female,35-44
CUST0591,Hasna Permata,hasnapermata435@yahoo.com,82193449734.0,Pekanbaru,Riau,2021-06-13,Female,45+
CUST0592,Anggun Maharani,anggunmaharani452@gmail.com,85689627066.0,Bandung,Jawa Barat,2022-09-07,Female,25-34
CUST0593,Hasna Wardani,hasnawardani390@outlook.com,85747468971.0,Bekasi,Jawa Barat,2021-10-07,Female,35-44
CUST0594,Sari Saputra,sarisaputra883@gmail.com,85857666567.0,Malang,Jawa Timur,2024-08-05,Female,45+
CUST0595,Sri Kurniawan,srikurniawan955@gmail.com,87823645875.0,Surabaya,Jawa Timur,2024-08-26,Female,25-34
CUST0596,Anggi Suryadi,anggisuryadi36@gmail.com,85302497243.0,Pontianak,Kalimantan Barat,2024-03-30,Female,45+
CUST0597,Budi Kurniawan,budikurniawan660@gmail.com,89666918362.0,Bogor,Jawa Barat,2022-06-02,Male,35-44
CUST0598,Mawar Saputri,mawarsaputri316@gmail.com,89661195243.0,Depok,Jawa Barat,2024-12-02,Female,25-34
CUST0599,Indra Saputra,indrasaputra72@gmail.com,Not Available,Yogyakarta,Di Yogyakarta,2024-12-12,Male,18-24
CUST0600,Aulia Kurniawan,auliakurniawan581@gmail.com,82223023467.0,Pontianak,Kalimantan Barat,2021-08-12,Female,35-44
CUST0601,Yuli Nugroho,yulinugroho128@gmail.com,85215093771.0,Jakarta,Dki Jakarta,2021-05-06,Female,25-34
CUST0602,Satrio Sari,satriosari100@gmail.com,Not Available,Bekasi,Jawa Barat,2024-05-22,Male,25-34
CUST0603,Salsa Putri,salsaputri964@yahoo.com,85366905510.0,Padang,Sumatera Barat,2024-12-01,Female,25-34
CUST0604,Fajar Wijaya,fajarwijaya126@gmail.com,85843579786.0,Semarang,Jawa Tengah,2021-01-07,Male,45+
CUST0605,Arif Wijaya,arifwijaya895@outlook.com,81257397691.0,Tangerang,Banten,2023-05-27,Male,45+
CUST0606,Putra Santoso,putrasantoso301@gmail.com,87832898027.0,Bandung,Jawa Barat,2022-09-10,Male,35-44
CUST0607,Anton Maharani,antonmaharani978@gmail.com,Not Available,Bogor,Jawa Barat,2021-03-01,Male,18-24
CUST0608,Rendi Rahmawati,rendirahmawati737@yahoo.com,85271287153.0,Manado,Sulawesi Utara,2024-05-15,Male,18-24
CUST0609,Fatimah Saputri,fatimahsaputri990@gmail.com,85633414111.0,Bekasi,Jawa Barat,2024-04-27,Female,45+
CUST0610,Rizky Ginting,rizkyginting131@outlook.com,85369040983.0,Depok,Jawa Barat,2023-05-18,Male,25-34
CUST0611,Nabila Lestari,nabilalestari680@gmail.com,87893160875.0,Makassar,Sulawesi Selatan,2022-08-31,Female,35-44
CUST0612,Vivi Anggraini,vivianggraini291@gmail.com,82109548149.0,Pekanbaru,Riau,2024-07-16,Female,35-44
CUST0613,Fatimah Saputri,fatimahsaputri830@gmail.com,85323302764.0,Yogyakarta,Di Yogyakarta,2021-02-14,Female,25-34
CUST0614,Nabila Pohan,nabilapohan776@outlook.com,85661844386.0,Medan,Sumatera Utara,2021-09-26,Female,25-34
CUST0615,Agus Yulianti,agusyulianti671@gmail.com,82192774233.0,Semarang,Jawa Tengah,2024-08-26,Male,18-24
CUST0616,Irfan Santoso,irfansantoso386@yahoo.com,85620157201.0,Banjarmasin,Kalimantan Selatan,2024-08-24,Male,25-34
CUST0617,Indah Iskandar,indahiskandar35@yahoo.com,81336749261.0,Padang,Sumatera Barat,2024-08-24,Female,25-34
CUST0618,Rio Ramadhan,rioramadhan123@gmail.com,81311783099.0,Manado,Sulawesi Utara,2023-09-10,Male,25-34
CUST0619,Aji Wardani,ajiwardani496@gmail.com,89564921518.0,Yogyakarta,Di Yogyakarta,2023-04-11,Male,35-44
CUST0620,Melati Sembiring,melatisembiring501@gmail.com,81389813129.0,Yogyakarta,Di Yogyakarta,2021-01-11,Female,25-34
CUST0621,Rizky Pratama,rizkypratama589@yahoo.com,82221840118.0,Malang,Jawa Timur,2023-01-15,Male,45+
CUST0622,Shinta Saputra,shintasaputra308@yahoo.com,81284872975.0,Banjarmasin,Kalimantan Selatan,2022-12-23,Female,25-34
CUST0623,Alya Santoso,alyasantoso243@gmail.com,81232432983.0,Manado,Sulawesi Utara,2023-01-06,Female,25-34
CUST0624,Yoga Hidayat,yogahidayat262@gmail.com,85262671462.0,Balikpapan,Kalimantan Timur,2022-02-22,Male,18-24
CUST0625,Ridho Permata,ridhopermata578@outlook.com,89589262566.0,Jakarta,Dki Jakarta,2024-05-21,Male,18-24
CUST0626,Mawar Kurniawan,mawarkurniawan417@gmail.com,81351554234.0,Jakarta,Dki Jakarta,2021-07-20,Female,25-34
CUST0627,Rendi Santoso,rendisantoso180@gmail.com,85849718594.0,Balikpapan,Kalimantan Timur,2022-07-10,Male,25-34
CUST0628,Reza Putri,rezaputri186@gmail.com,85388967924.0,Jakarta,Dki Jakarta,2024-11-07,Male,25-34
CUST0629,Wulan Anggraini,wulananggraini582@gmail.com,89640539672.0,Padang,Sumatera Barat,2022-12-26,Female,35-44
CUST0630,Tika Tanjung,tikatanjung965@gmail.com,89634146511.0,Bandung,Jawa Barat,2022-05-07,Female,45+
CUST0631,Ayu Nugroho,ayunugroho568@outlook.com,85706827788.0,Medan,Sumatera Utara,2023-04-11,Female,18-24
CUST0632,Ratna Saputra,ratnasaputra720@gmail.com,85853890972.0,Banjarmasin,Kalimantan Selatan,2022-04-06,Female,18-24
CUST0633,Wulan Siregar,wulansiregar976@outlook.com,81267625153.0,Balikpapan,Kalimantan Timur,2021-08-30,Female,25-34
CUST0634,Citra Susanti,citrasusanti756@gmail.com,89596348079.0,Pekanbaru,Riau,2021-04-28,Female,25-34
CUST0635,Surya Yulianti,suryayulianti110@outlook.com,81252650167.0,Semarang,Jawa Tengah,2021-06-23,Male,25-34
CUST0636,Pandu Kurniawan,pandukurniawan8@gmail.com,82143765456.0,Yogyakarta,Di Yogyakarta,2024-01-04,Male,35-44
CUST0637,Selvi Sinaga,selvisinaga144@yahoo.com,85360531340.0,Makassar,Sulawesi Selatan,2023-03-20,Female,25-34
CUST0638,Sri Maharani,srimaharani972@yahoo.com,85741678725.0,Depok,Jawa Barat,2023-10-25,Female,35-44
CUST0639,Rendi Lestari,rendilestari981@gmail.com,81302258030.0,Bekasi,Jawa Barat,2023-05-30,Male,45+
CUST0640,Yoga Pohan,yogapohan289@outlook.com,Not Available,Denpasar,Bali,2021-08-24,Male,35-44
CUST0641,Hadi Tanjung,haditanjung486@yahoo.com,89618923923.0,Medan,Sumatera Utara,2021-09-28,Male,25-34
CUST0642,Sari Anggraini,sarianggraini19@gmail.com,87831066843.0,Palembang,Sumatera Selatan,2022-11-20,Female,25-34
CUST0643,Lia Setiawan,liasetiawan113@outlook.com,85254563502.0,Surabaya,Jawa Timur,2021-01-02,Female,18-24
CUST0644,Iqbal Fauzi,iqbalfauzi287@gmail.com,Not Available,Medan,Sumatera Utara,2021-07-18,Male,35-44
CUST0645,Raka Lestari,rakalestari370@outlook.com,89659895343.0,Manado,Sulawesi Utara,2023-02-26,Male,18-24
CUST0646,Vania Utami,vaniautami43@gmail.com,87833711895.0,Malang,Jawa Timur,2023-08-30,Female,45+
CUST0647,Hasna Anggraini,hasnaanggraini131@gmail.com,82268485571.0,Bogor,Jawa Barat,2021-05-19,Female,25-34
CUST0648,Aulia Wijaya,auliawijaya614@yahoo.com,85224090367.0,Balikpapan,Kalimantan Timur,2023-11-18,Female,45+
CUST0649,Sonia Siregar,soniasiregar576@gmail.com,85669432029.0,Semarang,Jawa Tengah,2024-04-27,Female,35-44
CUST0650,Dion Simbolon,dionsimbolon725@gmail.com,89684434481.0,Yogyakarta,Di Yogyakarta,2022-04-04,Male,18-24
CUST0651,Sri Anggraini,srianggraini950@outlook.com,82140338105.0,Pontianak,Kalimantan Barat,2023-01-26,Female,25-34
CUST0652,Hasan Hakim,hasanhakim419@yahoo.com,Not Available,Denpasar,Bali,2021-02-02,Male,25-34
CUST0653,Raka Sari,rakasari740@gmail.com,89664983735.0,Denpasar,Bali,2022-02-22,Male,25-34
CUST0654,Daffa Iskandar,daffaiskandar457@yahoo.com,82265271727.0,Yogyakarta,Di Yogyakarta,2021-12-27,Male,18-24
CUST0655,Hasna Wardani,hasnawardani22@outlook.com,85222693121.0,Bogor,Jawa Barat,2022-05-18,Female,25-34
CUST0656,Aditya Santoso,adityasantoso141@gmail.com,89609166010.0,Surabaya,Jawa Timur,2021-09-28,Male,18-24
CUST0657,Indah Utami,indahutami812@gmail.com,Not Available,Padang,Sumatera Barat,2021-12-01,Female,25-34
CUST0658,Anggi Setiawan,anggisetiawan709@gmail.com,85281001841.0,Banjarmasin,Kalimantan Selatan,2023-05-01,Female,18-24
CUST0659,Andi Hartono,andihartono395@gmail.com,82154361721.0,Palembang,Sumatera Selatan,2021-07-28,Male,45+
CUST0660,Putri Cahyani,putricahyani122@outlook.com,85310922685.0,Pontianak,Kalimantan Barat,2022-01-07,Female,35-44
CUST0661,Shinta Yulianti,shintayulianti838@gmail.com,Not Available,Makassar,Sulawesi Selatan,2024-09-05,Female,18-24
CUST0662,Selvi Pohan,selvipohan116@gmail.com,87864215226.0,Tangerang,Banten,2022-10-16,Female,25-34
CUST0663,Mega Utami,megautami142@outlook.com,89536687887.0,Balikpapan,Kalimantan Timur,2024-01-04,Female,35-44
CUST0664,Tania Halim,taniahalim592@gmail.com,89631350305.0,Balikpapan,Kalimantan Timur,2023-08-29,Female,45+
CUST0665,Agus Aprilia,agusaprilia870@outlook.com,82147286333.0,Surabaya,Jawa Timur,2021-10-10,Male,18-24
CUST0666,Dimas Saputri,dimassaputri713@gmail.com,85650191792.0,Jakarta,Dki Jakarta,2021-10-28,Male,25-34
CUST0667,Putri Saputra,putrisaputra852@gmail.com,85622728476.0,Bekasi,Jawa Barat,2023-06-29,Female,35-44
CUST0668,Wahyu Kurniawan,wahyukurniawan62@yahoo.com,89509282066.0,Padang,Sumatera Barat,2024-02-09,Male,35-44
CUST0669,Risma Siregar,rismasiregar727@outlook.com,82262418623.0,Depok,Jawa Barat,2024-06-21,Female,18-24
CUST0670,Ratna Tarigan,ratnatarigan862@gmail.com,81377566205.0,Bogor,Jawa Barat,2022-02-03,Female,25-34
CUST0671,Kirana Utami,kiranautami29@outlook.com,82242811390.0,Malang,Jawa Timur,2022-01-20,Female,25-34
CUST0672,Eko Suryadi,ekosuryadi88@outlook.com,87890970051.0,Malang,Jawa Timur,2021-01-18,Male,45+
CUST0673,Aditya Siregar,adityasiregar323@yahoo.com,85652156818.0,Makassar,Sulawesi Selatan,2021-02-18,Male,25-34
CUST0674,Tania Pratama,taniapratama166@outlook.com,82171133228.0,Banjarmasin,Kalimantan Selatan,2024-05-31,Female,35-44
CUST0675,Surya Sinaga,suryasinaga348@yahoo.com,85259606339.0,Pontianak,Kalimantan Barat,2021-06-03,Male,45+
CUST0676,Indra Santoso,indrasantoso147@gmail.com,Not Available,Yogyakarta,Di Yogyakarta,2021-05-20,Male,25-34
CUST0677,Rina Hidayat,rinahidayat728@yahoo.com,85747472197.0,Surabaya,Jawa Timur,2023-01-15,Female,35-44
CUST0678,Gita Lestari,gitalestari376@gmail.com,85895516874.0,Surabaya,Jawa Timur,2024-06-25,Female,45+
CUST0679,Anggi Tarigan,anggitarigan159@gmail.com,81346296136.0,Padang,Sumatera Barat,2024-10-02,Female,18-24
CUST0680,Karina Sembiring,karinasembiring112@gmail.com,81321663651.0,Bekasi,Jawa Barat,2022-12-03,Female,45+
CUST0681,Alya Pohan,alyapohan286@gmail.com,85708272359.0,Surabaya,Jawa Timur,2024-05-16,Female,35-44
CUST0682,Kirana Tanjung,kiranatanjung219@gmail.com,81230644212.0,Bandung,Jawa Barat,2022-07-15,Female,25-34
CUST0683,Fatimah Sinaga,fatimahsinaga538@gmail.com,82242016542.0,Semarang,Jawa Tengah,2022-12-17,Female,45+
CUST0684,Mawar Maharani,mawarmaharani364@gmail.com,89696089319.0,Pontianak,Kalimantan Barat,2021-10-24,Female,25-34
CUST0685,Adrian Putri,adrianputri155@gmail.com,85727516480.0,Padang,Sumatera Barat,2021-09-15,Male,25-34
CUST0686,Aji Santoso,ajisantoso224@gmail.com,89636829635.0,Semarang,Jawa Tengah,2022-01-27,Male,45+
CUST0687,Budi Ramadhan,budiramadhan17@outlook.com,85248177665.0,Tangerang,Banten,2024-01-16,Male,25-34
CUST0688,Surya Kurniawan,suryakurniawan470@yahoo.com,85652892866.0,Malang,Jawa Timur,2024-09-12,Male,35-44
CUST0689,Yuli Cahyani,yulicahyani90@gmail.com,81310961798.0,Medan,Sumatera Utara,2024-07-21,Female,25-34
CUST0690,Eko Fauzi,ekofauzi217@gmail.com,82278613715.0,Padang,Sumatera Barat,2023-04-26,Male,45+
CUST0691,Kevin Iskandar,keviniskandar963@gmail.com,85338444463.0,Jakarta,Dki Jakarta,2023-04-30,Male,18-24
CUST0692,Kirana Hutapea,kiranahutapea326@gmail.com,85329638639.0,Depok,Jawa Barat,2021-04-16,Female,35-44
CUST0693,Fajar Saputri,fajarsaputri413@yahoo.com,85382631281.0,Manado,Sulawesi Utara,2023-03-14,Male,35-44
CUST0694,Toni Tarigan,tonitarigan972@yahoo.com,85331106092.0,Jakarta,Dki Jakarta,2024-06-19,Male,35-44
CUST0695,Bambang Ginting,bambangginting26@gmail.com,89627523343.0,Balikpapan,Kalimantan Timur,2022-05-18,Male,35-44
CUST0696,Rendi Hakim,rendihakim282@gmail.com,81320911791.0,Medan,Sumatera Utara,2021-10-18,Male,25-34
CUST0697,Bambang Hidayat,bambanghidayat865@gmail.com,85336170617.0,Bandung,Jawa Barat,2022-03-07,Male,35-44
CUST0698,Nadia Sinaga,nadiasinaga185@yahoo.com,85202990155.0,Pekanbaru,Riau,2024-06-11,Female,25-34
CUST0699,Naila Hakim,nailahakim198@gmail.com,87808088235.0,Medan,Sumatera Utara,2022-03-21,Female,18-24
CUST0700,Rina Lestari,rinalestari281@outlook.com,85731584776.0,Banjarmasin,Kalimantan Selatan,2023-03-31,Female,45+
CUST0701,Sari Rahmawati,sarirahmawati106@gmail.com,87894237676.0,Pontianak,Kalimantan Barat,2022-07-11,Female,35-44
CUST0702,Teguh Saputri,teguhsaputri205@gmail.com,87855172084.0,Manado,Sulawesi Utara,2023-04-20,Male,25-34
CUST0703,Maulana Hutapea,maulanahutapea408@outlook.com,81212562531.0,Semarang,Jawa Tengah,2024-09-07,Male,25-34
CUST0704,Nadia Kurniawan,nadiakurniawan327@gmail.com,89605379538.0,Bandung,Jawa Barat,2023-03-01,Female,25-34
CUST0705,Fitri Santoso,fitrisantoso285@gmail.com,89691966553.0,Semarang,Jawa Tengah,2021-04-12,Female,35-44
CUST0706,Tika Halim,tikahalim128@gmail.com,85729596390.0,Malang,Jawa Timur,2021-02-06,Female,25-34
CUST0707,Budi Simbolon,budisimbolon135@outlook.com,85608805017.0,Medan,Sumatera Utara,2023-05-01,Male,35-44
CUST0708,Sonia Aprilia,soniaaprilia82@gmail.com,85857906477.0,Medan,Sumatera Utara,2023-02-05,Female,45+
CUST0709,Diah Setiawan,diahsetiawan143@gmail.com,81356321358.0,Jakarta,Dki Jakarta,2024-11-10,Female,35-44
CUST0710,Sri Kurniawan,srikurniawan970@gmail.com,85214596422.0,Manado,Sulawesi Utara,2023-08-02,Female,18-24
CUST0711,Indah Sari,indahsari653@gmail.com,85718839774.0,Bekasi,Jawa Barat,2023-09-16,Female,18-24
CUST0712,Yuli Nugroho,yulinugroho572@outlook.com,82231170303.0,Padang,Sumatera Barat,2023-02-28,Female,18-24
CUST0713,Fitri Sari,fitrisari527@gmail.com,85347281235.0,Depok,Jawa Barat,2023-07-16,Female,35-44
CUST0714,Vera Iskandar,veraiskandar71@yahoo.com,85262491271.0,Medan,Sumatera Utara,2022-05-08,Female,18-24
CUST0715,Tika Wijaya,tikawijaya678@gmail.com,85875418156.0,Semarang,Jawa Tengah,2021-11-05,Female,25-34
CUST0716,Salsa Setiawan,salsasetiawan280@gmail.com,85310663436.0,Yogyakarta,Di Yogyakarta,2024-05-01,Female,25-34
CUST0717,Bagus Tanjung,bagustanjung698@gmail.com,81231310094.0,Palembang,Sumatera Selatan,2021-05-15,Male,25-34
CUST0718,Gita Iskandar,gitaiskandar403@gmail.com,81334732354.0,Pontianak,Kalimantan Barat,2022-08-13,Female,35-44
CUST0719,Aulia Cahyani,auliacahyani757@gmail.com,85232512257.0,Makassar,Sulawesi Selatan,2021-01-27,Female,35-44
CUST0720,Dewi Wardani,dewiwardani903@outlook.com,81320957907.0,Palembang,Sumatera Selatan,2023-08-26,Female,18-24
CUST0721,Irfan Fauzi,irfanfauzi538@yahoo.com,85822114577.0,Tangerang,Banten,2024-01-23,Male,25-34
CUST0722,Kirana Simbolon,kiranasimbolon848@gmail.com,85345897148.0,Jakarta,Dki Jakarta,2021-10-30,Female,45+
CUST0723,Satrio Anggraini,satrioanggraini510@outlook.com,81239653136.0,Medan,Sumatera Utara,2022-07-15,Male,35-44
CUST0724,Rio Hutapea,riohutapea272@yahoo.com,89555696443.0,Surabaya,Jawa Timur,2024-04-01,Male,25-34
CUST0725,Gita Kurniawan,gitakurniawan815@gmail.com,85795410727.0,Makassar,Sulawesi Selatan,2023-12-08,Female,45+
CUST0726,Satrio Maharani,satriomaharani499@outlook.com,85214070349.0,Medan,Sumatera Utara,2021-04-19,Male,25-34
CUST0727,Bella Saputra,bellasaputra258@gmail.com,82154882142.0,Semarang,Jawa Tengah,2023-06-04,Female,25-34
CUST0728,Diah Pratama,diahpratama956@gmail.com,85336661449.0,Malang,Jawa Timur,2021-12-21,Female,25-34
CUST0729,Arif Sari,arifsari700@yahoo.com,82242683441.0,Malang,Jawa Timur,2024-03-06,Male,45+
CUST0730,Mira Saputri,mirasaputri99@gmail.com,82187585756.0,Padang,Sumatera Barat,2023-05-12,Female,45+
CUST0731,Melati Wijaya,melatiwijaya91@gmail.com,82194398529.0,Balikpapan,Kalimantan Timur,2024-03-04,Female,35-44
CUST0732,Cinta Lestari,cintalestari687@gmail.com,81278701041.0,Bekasi,Jawa Barat,2024-05-02,Female,18-24
CUST0733,Hana Hasanah,hanahasanah125@gmail.com,89698038287.0,Makassar,Sulawesi Selatan,2022-04-03,Female,35-44
CUST0734,Dimas Yulianti,dimasyulianti737@outlook.com,81279311029.0,Medan,Sumatera Utara,2023-12-01,Male,18-24
CUST0735,Hana Wijaya,hanawijaya455@gmail.com,85601467238.0,Denpasar,Bali,2024-06-08,Female,35-44
CUST0736,Dani Kurniawan,danikurniawan150@gmail.com,89502232883.0,Pekanbaru,Riau,2023-09-11,Male,25-34
CUST0737,Aji Manurung,ajimanurung684@outlook.com,85266176620.0,Malang,Jawa Timur,2023-07-26,Male,18-24
CUST0738,Tania Yulianti,taniayulianti661@gmail.com,89597052774.0,Jakarta,Dki Jakarta,2021-11-21,Female,25-34
CUST0739,Dion Susanti,dionsusanti925@outlook.com,89686812259.0,Bekasi,Jawa Barat,2023-07-31,Male,35-44
CUST0740,Bayu Yulianti,bayuyulianti70@gmail.com,89576792988.0,Denpasar,Bali,2021-09-23,Male,35-44
CUST0741,Aji Aprilia,ajiaprilia633@gmail.com,85610023117.0,Pekanbaru,Riau,2022-10-25,Male,35-44
CUST0742,Adrian Suryadi,adriansuryadi922@gmail.com,82166109410.0,Bandung,Jawa Barat,2023-06-24,Male,35-44
CUST0743,Andi Wardani,andiwardani111@outlook.com,89676298334.0,Pekanbaru,Riau,2023-06-16,Male,35-44
CUST0744,Ratna Maharani,ratnamaharani834@gmail.com,85831901302.0,Jakarta,Dki Jakarta,2023-01-07,Female,35-44
CUST0745,Joko Hasanah,jokohasanah699@yahoo.com,89687339785.0,Tangerang,Banten,2024-06-20,Male,35-44
CUST0746,Joko Sinaga,jokosinaga641@gmail.com,85619128411.0,Pekanbaru,Riau,2022-04-18,Male,18-24
CUST0747,Dewi Hartono,dewihartono945@outlook.com,Not Available,Palembang,Sumatera Selatan,2023-11-27,Female,45+
CUST0748,Cinta Cahyani,cintacahyani560@gmail.com,89619740056.0,Denpasar,Bali,2022-02-15,Female,25-34
CUST0749,Fajar Susanti,fajarsusanti837@gmail.com,Not Available,Tangerang,Banten,2021-05-25,Male,45+
CUST0750,Dani Nugroho,daninugroho491@gmail.com,82140107835.0,Bogor,Jawa Barat,2023-09-06,Male,25-34
CUST0751,Doni Wijaya,doniwijaya27@gmail.com,82289608706.0,Depok,Jawa Barat,2024-11-25,Male,18-24
CUST0752,Hasan Lestari,hasanlestari449@gmail.com,81395535603.0,Palembang,Sumatera Selatan,2021-07-08,Male,25-34
CUST0753,Ratna Sembiring,ratnasembiring47@gmail.com,81230102724.0,Surabaya,Jawa Timur,2022-10-06,Female,25-34
CUST0754,Hadi Fauzi,hadifauzi621@yahoo.com,85671114837.0,Tangerang,Banten,2022-03-28,Male,25-34
CUST0755,Kirana Tarigan,rinalestari281@outlook.com,89538458810.0,Tangerang,Banten,2023-04-22,Female,35-44
CUST0756,Bayu Nugroho,bayunugroho934@yahoo.com,82183483152.0,Surabaya,Jawa Timur,2022-04-27,Male,35-44
CUST0757,Anton Kurniawan,antonkurniawan511@gmail.com,81244964104.0,Pontianak,Kalimantan Barat,2023-02-26,Male,25-34
CUST0758,Rendi Sinaga,rendisinaga230@gmail.com,82262680408.0,Tangerang,Banten,2021-02-23,Male,45+
CUST0759,Surya Hakim,suryahakim222@gmail.com,81259660186.0,Malang,Jawa Timur,2024-01-01,Male,25-34
CUST0760,Irfan Hutapea,irfanhutapea167@outlook.com,85673204413.0,Balikpapan,Kalimantan Timur,2022-08-29,Male,25-34
CUST0761,Gita Rahmawati,gitarahmawati276@outlook.com,89549014954.0,Yogyakarta,Di Yogyakarta,2023-06-28,Female,25-34
CUST0762,Vivi Pratama,vivipratama492@outlook.com,89583609149.0,Balikpapan,Kalimantan Timur,2022-10-06,Female,45+
CUST0763,Citra Rahmawati,citrarahmawati890@outlook.com,85723229031.0,Surabaya,Jawa Timur,2022-01-13,Female,35-44
CUST0764,Aji Putri,ajiputri567@gmail.com,89630440580.0,Pontianak,Kalimantan Barat,2022-04-26,Male,25-34
CUST0765,Selvi Kurniawan,selvikurniawan80@gmail.com,82235956164.0,Makassar,Sulawesi Selatan,2021-02-20,Female,25-34
CUST0766,Surya Halim,suryahalim482@outlook.com,85290250429.0,Jakarta,Dki Jakarta,2021-08-06,Male,25-34
CUST0767,Dion Siregar,dionsiregar730@gmail.com,85336902611.0,Palembang,Sumatera Selatan,2024-03-03,Male,25-34
CUST0768,Hasan Halim,hasanhalim751@gmail.com,81380978875.0,Denpasar,Bali,2022-02-04,Male,35-44
CUST0769,Anggi Hasanah,anggihasanah819@yahoo.com,85337513765.0,Bandung,Jawa Barat,2022-12-22,Female,25-34
CUST0770,Kirana Pohan,kiranapohan236@gmail.com,85763928369.0,Makassar,Sulawesi Selatan,2024-05-25,Female,25-34
CUST0771,Nadia Kurniawan,nadiakurniawan419@gmail.com,85682973270.0,Yogyakarta,Di Yogyakarta,2021-09-05,Female,25-34
CUST0772,Ferdi Pohan,ferdipohan130@gmail.com,81260212886.0,Bogor,Jawa Barat,2022-12-27,Male,18-24
CUST0773,Hadi Fauzi,hadifauzi345@gmail.com,85399910157.0,Bogor,Jawa Barat,2024-07-15,Male,25-34
CUST0774,Wahyu Pohan,wahyupohan752@yahoo.com,82198120995.0,Padang,Sumatera Barat,2023-02-16,Male,25-34
CUST0775,Hasna Sari,hasnasari968@outlook.com,81334750988.0,Manado,Sulawesi Utara,2023-11-07,Female,35-44
CUST0776,Nadia Saputri,nadiasaputri776@outlook.com,82120368499.0,Bekasi,Jawa Barat,2021-07-23,Female,25-34
CUST0777,Yuli Rahmawati,yulirahmawati450@gmail.com,82224491342.0,Medan,Sumatera Utara,2022-02-28,Female,25-34
CUST0778,Rani Wijaya,raniwijaya925@gmail.com,81288307053.0,Malang,Jawa Timur,2024-03-15,Female,25-34
CUST0779,Wulan Simbolon,wulansimbolon941@outlook.com,81317674124.0,Medan,Sumatera Utara,2022-12-26,Female,35-44
CUST0780,Doni Hidayat,donihidayat161@outlook.com,85854781506.0,Medan,Sumatera Utara,2024-12-15,Male,35-44
CUST0781,Melati Pratama,melatipratama252@gmail.com,82196334727.0,Yogyakarta,Di Yogyakarta,2023-10-15,Female,25-34
CUST0782,Rina Hutapea,rinahutapea4@yahoo.com,85617893206.0,Denpasar,Bali,2024-06-10,Female,25-34
CUST0783,Ridho Aprilia,ridhoaprilia544@gmail.com,89524347769.0,Tangerang,Banten,2024-01-18,Male,25-34
CUST0784,Nia Fauzi,niafauzi993@gmail.com,85753612751.0,Tangerang,Banten,2024-11-28,Female,25-34
CUST0785,Hana Manurung,hanamanurung422@gmail.com,Not Available,Balikpapan,Kalimantan Timur,2022-10-24,Female,25-34
CUST0786,Cinta Sinaga,cintasinaga409@gmail.com,Not Available,Bogor,Jawa Barat,2022-03-30,Female,25-34
CUST0787,Fitri Kurniawan,fitrikurniawan626@gmail.com,85329800615.0,Tangerang,Banten,2024-02-07,Female,18-24
CUST0788,Fitri Ramadhan,fitriramadhan204@gmail.com,82186342556.0,Semarang,Jawa Tengah,2024-02-07,Female,35-44
CUST0789,Eko Wijaya,ekowijaya105@gmail.com,85867024403.0,Palembang,Sumatera Selatan,2021-03-11,Male,25-34
CUST0790,Anggun Iskandar,angguniskandar838@yahoo.com,89641118600.0,Balikpapan,Kalimantan Timur,2024-05-23,Female,45+
CUST0791,Tania Iskandar,taniaiskandar852@yahoo.com,87845680447.0,Semarang,Jawa Tengah,2021-07-24,Female,25-34
CUST0792,Putra Saputri,putrasaputri440@outlook.com,81336847488.0,Palembang,Sumatera Selatan,2023-02-23,Male,18-24
CUST0793,Cinta Ramadhan,cintaramadhan732@gmail.com,81373906375.0,Pekanbaru,Riau,2024-02-28,Female,18-24
CUST0794,Indah Nugroho,indahnugroho575@gmail.com,82137931269.0,Pekanbaru,Riau,2023-12-08,Female,35-44
CUST0795,Doni Setiawan,donisetiawan259@gmail.com,85645205996.0,Jakarta,Dki Jakarta,2022-07-04,Male,35-44
CUST0796,Indra Sembiring,indrasembiring321@gmail.com,89535778811.0,Bogor,Jawa Barat,2024-12-03,Male,18-24
CUST0797,Siti Maharani,sitimaharani767@gmail.com,81323710672.0,Banjarmasin,Kalimantan Selatan,2023-09-25,Female,18-24
CUST0798,Pandu Iskandar,panduiskandar304@gmail.com,81364485959.0,Yogyakarta,Di Yogyakarta,2021-10-17,Male,25-34
CUST0799,Dani Ramadhan,daniramadhan620@gmail.com,85277352287.0,Jakarta,Dki Jakarta,2022-10-13,Male,25-34
CUST0800,Putri Saputra,putrisaputra719@outlook.com,82231875109.0,Padang,Sumatera Barat,2024-05-02,Female,18-24
